node,username,degree,betweenness,community,followers,content_type
acct_user_90177,user_90177,6,0.216662,0,785,control
acct_user_52674,user_52674,4,0.116379,0,114,control
acct_user_82750,user_82750,3,0.060754,0,195,control
acct_user_20814,user_20814,3,0.048379,0,1044,treatment
acct_user_15447,user_15447,2,0.029437,0,91,treatment
acct_user_75091,user_75091,2,0.02709,1,245,treatment
acct_user_41577,user_41577,4,0.001532,1,264,treatment
acct_user_36099,user_36099,3,0.001025,1,214,treatment
acct_user_36799,user_36799,3,0.001025,1,154,treatment
acct_user_14018,user_14018,3,0.001025,1,152,treatment
acct_user_45331,user_45331,3,0.001025,1,165,treatment
acct_user_65497,user_65497,3,0.001025,1,778,treatment
acct_user_67213,user_67213,3,0.001025,1,159,treatment
acct_user_70955,user_70955,3,0.001025,1,23,treatment
acct_user_31028,user_31028,3,0.001025,1,463,treatment
acct_user_23061,user_23061,3,0.001025,1,1423,treatment
acct_user_39023,user_39023,3,0.001025,1,157,treatment
acct_user_27373,user_27373,3,0.001025,1,1218,treatment
acct_user_73861,user_73861,3,0.001025,1,329,treatment
acct_user_27244,user_27244,3,0.000974,1,520,treatment
acct_user_63166,user_63166,3,0.000974,1,544,treatment
acct_user_38750,user_38750,3,0.000974,1,647,treatment
acct_user_60036,user_60036,3,0.000974,1,791,treatment
acct_user_99020,user_99020,3,0.000974,1,320,treatment
acct_user_23861,user_23861,3,0.000974,1,231,treatment
acct_user_87693,user_87693,3,0.000974,1,350,treatment
acct_user_86870,user_86870,3,0.000974,1,611,treatment
acct_user_87647,user_87647,3,0.000974,1,587,treatment
acct_user_53174,user_53174,3,0.000974,1,545,treatment
acct_user_87383,user_87383,3,0.000974,1,421,treatment
acct_user_96220,user_96220,3,0.000974,1,135,treatment
acct_user_51548,user_51548,3,0.000974,1,589,treatment
acct_user_73485,user_73485,3,0.000974,1,185,treatment
acct_user_97330,user_97330,3,0.000974,1,189,treatment
acct_user_15426,user_15426,3,0.000974,1,2320,treatment
acct_user_10769,user_10769,3,0.000969,1,863,treatment
acct_user_19998,user_19998,3,0.000969,1,512,treatment
acct_user_86070,user_86070,3,0.000969,1,227,treatment
acct_user_59422,user_59422,3,0.000969,1,611,treatment
acct_user_48819,user_48819,3,0.000969,1,382,treatment
acct_user_61737,user_61737,3,0.000969,1,702,treatment
acct_user_56447,user_56447,3,0.000969,1,1030,treatment
acct_user_23989,user_23989,3,0.000969,1,509,treatment
acct_user_41184,user_41184,3,0.000969,1,197,treatment
acct_user_36944,user_36944,3,0.000969,1,745,treatment
acct_user_38481,user_38481,3,0.000969,1,248,treatment
acct_user_12250,user_12250,3,0.000969,1,601,treatment
acct_user_64075,user_64075,3,0.000904,1,436,treatment
acct_user_96682,user_96682,3,0.000904,1,589,treatment
acct_user_63568,user_63568,3,0.000904,1,868,treatment
acct_user_30956,user_30956,3,0.000904,1,324,treatment
acct_user_46362,user_46362,3,0.000904,1,61,treatment
acct_user_96558,user_96558,3,0.000904,1,498,treatment
acct_user_38533,user_38533,3,0.000904,1,291,treatment
acct_user_98244,user_98244,3,0.000904,1,1139,treatment
acct_user_54621,user_54621,3,0.000904,1,508,treatment
acct_user_63116,user_63116,3,0.000904,1,1201,treatment
acct_user_54054,user_54054,3,0.000904,1,215,treatment
acct_user_97136,user_97136,3,0.000904,1,295,treatment
acct_user_17997,user_17997,3,0.000904,1,1087,treatment
acct_user_95980,user_95980,3,0.000853,1,305,treatment
acct_user_55407,user_55407,3,0.000853,1,88,treatment
acct_user_22871,user_22871,3,0.000853,1,858,treatment
acct_user_10405,user_10405,3,0.000853,1,430,treatment
acct_user_55837,user_55837,3,0.000853,1,205,treatment
acct_user_11974,user_11974,3,0.000853,1,454,treatment
acct_user_22570,user_22570,3,0.000853,1,375,treatment
acct_user_75916,user_75916,3,0.000853,1,693,treatment
acct_user_60533,user_60533,3,0.000853,1,99,treatment
acct_user_84031,user_84031,3,0.000853,1,729,treatment
acct_user_13685,user_13685,3,0.000853,1,288,treatment
acct_user_57754,user_57754,3,0.000823,1,1252,treatment
acct_user_92274,user_92274,3,0.000823,1,13,treatment
acct_user_32217,user_32217,3,0.000823,1,670,treatment
acct_user_45182,user_45182,3,0.000823,1,369,treatment
acct_user_56735,user_56735,3,0.000823,1,97,treatment
acct_user_56385,user_56385,3,0.000823,1,712,treatment
acct_user_30749,user_30749,3,0.000823,1,583,treatment
acct_user_24893,user_24893,3,0.000823,1,126,treatment
acct_user_83781,user_83781,3,0.000823,1,592,treatment
acct_user_79908,user_79908,3,0.000823,1,206,treatment
acct_user_74192,user_74192,3,0.000823,1,486,treatment
acct_user_99565,user_99565,3,0.000784,1,188,treatment
acct_user_64532,user_64532,3,0.000784,1,97,treatment
acct_user_98613,user_98613,3,0.000784,1,254,treatment
acct_user_25581,user_25581,3,0.000784,1,352,treatment
acct_user_22313,user_22313,3,0.000784,1,414,treatment
acct_user_95653,user_95653,3,0.000784,1,106,treatment
acct_user_34735,user_34735,3,0.000784,1,1112,treatment
acct_user_91847,user_91847,3,0.000784,1,234,treatment
acct_user_14649,user_14649,3,0.000784,1,664,treatment
acct_user_67038,user_67038,3,0.000784,1,48,treatment
acct_user_94421,user_94421,3,0.000784,1,235,treatment
acct_user_14382,user_14382,3,0.000784,1,674,treatment
acct_user_27727,user_27727,3,0.000784,1,20,treatment
acct_user_80868,user_80868,3,0.000784,1,440,treatment
acct_user_46121,user_46121,3,0.000784,1,342,treatment
acct_user_73825,user_73825,3,0.000784,1,421,treatment
acct_user_69063,user_69063,3,0.000784,1,324,treatment
acct_user_26801,user_26801,3,0.000784,1,379,treatment
acct_user_42842,user_42842,3,0.000778,1,143,treatment
acct_user_20086,user_20086,3,0.000778,1,327,treatment
acct_user_12156,user_12156,3,0.000778,1,522,treatment
acct_user_81499,user_81499,3,0.000778,1,365,treatment
acct_user_49607,user_49607,3,0.000778,1,1052,treatment
acct_user_32165,user_32165,3,0.000778,1,140,treatment
acct_user_29753,user_29753,3,0.000611,1,315,treatment
acct_user_58378,user_58378,3,0.000611,1,561,treatment
acct_user_80164,user_80164,3,0.000611,1,270,treatment
acct_user_23560,user_23560,3,0.000611,1,595,treatment
acct_user_77447,user_77447,3,0.000611,1,301,treatment
acct_user_36201,user_36201,3,0.000611,1,677,treatment
acct_user_49937,user_49937,3,0.000611,1,213,treatment
acct_user_59990,user_59990,3,0.000611,1,194,treatment
acct_user_86993,user_86993,3,0.000611,1,456,treatment
acct_user_58584,user_58584,3,0.000611,1,386,treatment
acct_user_76229,user_76229,2,0.000553,1,233,treatment
acct_user_86445,user_86445,2,0.000553,1,613,treatment
acct_user_92693,user_92693,2,0.000553,1,156,treatment
acct_user_76841,user_76841,2,0.000553,1,337,treatment
acct_user_40773,user_40773,2,0.000553,1,164,treatment
acct_user_10488,user_10488,2,0.000553,1,342,treatment
acct_user_31469,user_31469,2,0.000553,1,540,treatment
acct_user_17417,user_17417,2,0.000553,1,581,treatment
acct_user_50389,user_50389,2,0.000553,1,488,treatment
acct_user_23825,user_23825,2,0.000553,1,717,treatment
acct_user_20235,user_20235,2,0.000553,1,74,treatment
acct_user_91227,user_91227,2,0.000553,1,1032,treatment
acct_user_18083,user_18083,2,0.000553,1,1739,treatment
acct_user_47041,user_47041,2,0.000553,1,357,treatment
acct_user_13889,user_13889,2,0.000553,1,1354,treatment
acct_user_10658,user_10658,2,0.000553,1,617,treatment
acct_user_40965,user_40965,2,0.000553,1,574,treatment
acct_user_52324,user_52324,2,0.000553,1,719,treatment
acct_user_94664,user_94664,2,0.000553,1,741,treatment
acct_user_26517,user_26517,2,0.000553,1,403,treatment
acct_user_93307,user_93307,2,0.000553,1,838,treatment
acct_user_33431,user_33431,2,0.000553,1,526,treatment
acct_user_79775,user_79775,2,0.000553,1,827,treatment
acct_user_19952,user_19952,2,0.000553,1,552,treatment
acct_user_78086,user_78086,2,0.000553,1,185,treatment
acct_user_48967,user_48967,2,0.000553,1,772,treatment
acct_user_67141,user_67141,2,0.000553,1,431,treatment
acct_user_70776,user_70776,2,0.000553,1,248,treatment
acct_user_37162,user_37162,2,0.000553,1,504,treatment
acct_user_49454,user_49454,2,0.000553,1,590,treatment
acct_user_61228,user_61228,2,0.000553,1,215,treatment
acct_user_62946,user_62946,2,0.000553,1,459,treatment
acct_user_19270,user_19270,2,0.000553,1,119,treatment
acct_user_89263,user_89263,2,0.000553,1,76,treatment
acct_user_82184,user_82184,2,0.000553,1,289,treatment
acct_user_76954,user_76954,2,0.000553,1,524,treatment
acct_user_99781,user_99781,2,0.000553,1,443,treatment
acct_user_58636,user_58636,2,0.000553,1,867,treatment
acct_user_86448,user_86448,2,0.000553,1,342,treatment
acct_user_68422,user_68422,2,0.000553,1,567,treatment
acct_user_19577,user_19577,2,0.000553,1,465,treatment
acct_user_76807,user_76807,2,0.000553,1,710,treatment
acct_user_57675,user_57675,2,0.000503,1,176,treatment
acct_user_31771,user_31771,2,0.000503,1,414,treatment
acct_user_76122,user_76122,2,0.000503,1,221,treatment
acct_user_99837,user_99837,2,0.000503,1,1842,treatment
acct_user_67200,user_67200,2,0.000503,1,398,treatment
acct_user_37423,user_37423,2,0.000503,1,287,treatment
acct_user_47652,user_47652,2,0.000503,1,329,treatment
acct_user_23540,user_23540,2,0.000503,1,499,treatment
acct_user_23633,user_23633,2,0.000503,1,210,treatment
acct_user_14904,user_14904,2,0.000503,1,124,treatment
acct_user_63862,user_63862,2,0.000503,1,188,treatment
acct_user_77066,user_77066,2,0.000503,1,810,treatment
acct_user_14954,user_14954,2,0.000503,1,224,treatment
acct_user_27838,user_27838,2,0.000503,1,488,treatment
acct_user_35901,user_35901,2,0.000503,1,728,treatment
acct_user_10138,user_10138,2,0.000503,1,88,treatment
acct_user_98628,user_98628,2,0.000503,1,965,treatment
acct_user_54145,user_54145,2,0.000503,1,645,treatment
acct_user_53436,user_53436,2,0.000503,1,354,treatment
acct_user_82077,user_82077,2,0.000503,1,197,treatment
acct_user_80566,user_80566,2,0.000462,1,800,treatment
acct_user_17633,user_17633,2,0.000462,1,1268,treatment
acct_user_24069,user_24069,2,0.000462,1,434,treatment
acct_user_27221,user_27221,2,0.000462,1,112,treatment
acct_user_33948,user_33948,2,0.000462,1,129,treatment
acct_user_24646,user_24646,2,0.000462,1,1253,treatment
acct_user_98697,user_98697,2,0.000462,1,1016,treatment
acct_user_11713,user_11713,2,0.000462,1,147,treatment
acct_user_73727,user_73727,2,0.000462,1,636,treatment
acct_user_17150,user_17150,2,0.000462,1,364,treatment
acct_user_21243,user_21243,2,0.000462,1,1028,treatment
acct_user_76531,user_76531,2,0.000462,1,576,treatment
acct_user_37173,user_37173,2,0.000462,1,431,treatment
acct_user_47823,user_47823,2,0.000462,1,380,treatment
acct_user_21640,user_21640,2,0.000462,1,636,treatment
acct_user_65831,user_65831,2,0.000462,1,722,treatment
acct_user_42883,user_42883,2,0.000462,1,514,treatment
acct_user_79975,user_79975,2,0.000462,1,1281,treatment
acct_user_76071,user_76071,2,0.000462,1,297,treatment
acct_user_92690,user_92690,2,0.000462,1,370,treatment
acct_user_70713,user_70713,2,0.000462,1,1046,treatment
acct_user_77675,user_77675,2,0.000462,1,443,treatment
acct_user_91848,user_91848,2,0.000462,1,567,treatment
acct_user_18139,user_18139,2,0.000462,1,451,treatment
acct_user_14276,user_14276,2,0.000462,1,703,treatment
acct_user_50407,user_50407,2,0.000462,1,85,treatment
acct_user_90702,user_90702,2,0.000462,1,810,treatment
acct_user_37186,user_37186,2,0.000462,1,568,treatment
acct_user_68718,user_68718,2,0.000462,1,101,treatment
acct_user_45470,user_45470,2,0.000462,1,636,treatment
acct_user_43403,user_43403,2,0.000462,1,702,treatment
acct_user_82132,user_82132,2,0.000462,1,653,treatment
acct_user_60123,user_60123,2,0.000462,1,419,treatment
acct_user_93733,user_93733,2,0.000462,1,103,treatment
acct_user_76037,user_76037,2,0.000462,1,1063,treatment
acct_user_67107,user_67107,2,0.000462,1,850,treatment
acct_user_50900,user_50900,2,0.000462,1,260,treatment
acct_user_74402,user_74402,3,0.000461,0,422,control
acct_user_74909,user_74909,3,0.000461,0,171,control
acct_user_14164,user_14164,3,0.000461,0,680,control
acct_user_96670,user_96670,3,0.000461,0,929,control
acct_user_68539,user_68539,3,0.000461,0,597,control
acct_user_56986,user_56986,3,0.000461,0,136,control
acct_user_47648,user_47648,3,0.000461,0,585,control
acct_user_71506,user_71506,3,0.000461,0,748,control
acct_user_25441,user_25441,3,0.000461,0,388,control
acct_user_13828,user_13828,3,0.000461,0,931,control
acct_user_71232,user_71232,3,0.000461,0,431,control
acct_user_12431,user_12431,3,0.000461,0,1082,control
acct_user_59192,user_59192,3,0.000461,0,521,control
acct_user_81442,user_81442,3,0.000461,0,315,control
acct_user_74985,user_74985,3,0.000461,0,520,control
acct_user_88120,user_88120,3,0.000461,0,320,control
acct_user_66606,user_66606,3,0.000461,0,255,control
acct_user_27677,user_27677,3,0.000461,0,647,control
acct_user_90268,user_90268,3,0.000461,0,490,control
acct_user_18640,user_18640,3,0.000461,0,768,control
acct_user_85717,user_85717,3,0.000461,0,617,control
acct_user_96758,user_96758,3,0.000461,0,356,control
acct_user_73940,user_73940,3,0.000461,0,209,control
acct_user_55639,user_55639,2,0.000453,1,558,treatment
acct_user_92559,user_92559,2,0.000453,1,172,treatment
acct_user_73890,user_73890,2,0.000453,1,442,treatment
acct_user_26665,user_26665,2,0.000453,1,128,treatment
acct_user_56529,user_56529,2,0.000453,1,1118,treatment
acct_user_44363,user_44363,2,0.000453,1,2393,treatment
acct_user_19652,user_19652,2,0.000453,1,359,treatment
acct_user_98011,user_98011,2,0.000453,1,462,treatment
acct_user_40460,user_40460,2,0.000453,1,728,treatment
acct_user_85515,user_85515,2,0.000453,1,498,treatment
acct_user_55430,user_55430,2,0.000453,1,592,treatment
acct_user_28160,user_28160,2,0.000453,1,363,treatment
acct_user_70160,user_70160,2,0.000453,1,438,treatment
acct_user_50002,user_50002,2,0.000453,1,216,treatment
acct_user_49840,user_49840,2,0.000453,1,587,treatment
acct_user_99732,user_99732,2,0.000453,1,354,treatment
acct_user_88541,user_88541,2,0.000453,1,248,treatment
acct_user_58074,user_58074,2,0.000453,1,626,treatment
acct_user_32132,user_32132,2,0.000453,1,409,treatment
acct_user_37120,user_37120,2,0.000453,1,702,treatment
acct_user_92658,user_92658,2,0.000453,1,437,treatment
acct_user_23809,user_23809,2,0.000453,1,327,treatment
acct_user_50189,user_50189,2,0.000453,1,567,treatment
acct_user_32145,user_32145,2,0.000453,1,460,treatment
acct_user_13613,user_13613,2,0.000453,1,1121,treatment
acct_user_49300,user_49300,2,0.000453,1,483,treatment
acct_user_52050,user_52050,2,0.000453,1,742,treatment
acct_user_15229,user_15229,2,0.000453,1,420,treatment
acct_user_21148,user_21148,2,0.000453,1,982,treatment
acct_user_31454,user_31454,2,0.000453,1,357,treatment
acct_user_48442,user_48442,2,0.000453,1,633,treatment
acct_user_79566,user_79566,3,0.000443,0,295,control
acct_user_52094,user_52094,3,0.000443,0,122,control
acct_user_48695,user_48695,3,0.000443,0,580,control
acct_user_75033,user_75033,3,0.000443,0,687,control
acct_user_88504,user_88504,3,0.000443,0,745,control
acct_user_84275,user_84275,3,0.000443,0,487,control
acct_user_52379,user_52379,3,0.000443,0,161,control
acct_user_95805,user_95805,3,0.000443,0,615,control
acct_user_86553,user_86553,3,0.000443,0,483,control
acct_user_65853,user_65853,3,0.000443,0,640,control
acct_user_84580,user_84580,3,0.000443,0,290,control
acct_user_73062,user_73062,3,0.000443,0,596,control
acct_user_26758,user_26758,3,0.000443,0,516,control
acct_user_42993,user_42993,3,0.000443,0,880,control
acct_user_55100,user_55100,3,0.000443,0,157,control
acct_user_34698,user_34698,3,0.000443,0,598,control
acct_user_24012,user_24012,3,0.000443,0,476,control
acct_user_54438,user_54438,3,0.000443,0,226,control
acct_user_87837,user_87837,3,0.000443,0,851,control
acct_user_68014,user_68014,3,0.000443,0,375,control
acct_user_21139,user_21139,3,0.000443,0,225,control
acct_user_85882,user_85882,3,0.000443,0,231,control
acct_user_72953,user_72953,3,0.000443,0,262,control
acct_user_18464,user_18464,3,0.000443,0,1078,control
acct_user_19170,user_19170,3,0.000423,1,378,treatment
acct_user_65812,user_65812,3,0.000423,1,433,treatment
acct_user_95782,user_95782,3,0.000423,1,295,treatment
acct_user_36972,user_36972,3,0.000423,1,181,treatment
acct_user_15035,user_15035,3,0.000423,1,536,treatment
acct_user_59335,user_59335,3,0.000423,1,739,treatment
acct_user_52004,user_52004,3,0.000423,1,195,treatment
acct_user_31967,user_31967,3,0.000423,1,771,treatment
acct_user_74039,user_74039,3,0.000423,1,407,treatment
acct_user_68868,user_68868,3,0.000423,1,198,treatment
acct_user_86914,user_86914,3,0.000423,1,323,treatment
acct_user_32039,user_32039,3,0.000423,1,289,treatment
acct_user_21543,user_21543,3,0.000423,1,433,treatment
acct_user_55274,user_55274,3,0.000403,0,543,control
acct_user_89601,user_89601,3,0.000403,0,1678,control
acct_user_28545,user_28545,3,0.000403,0,474,control
acct_user_43202,user_43202,3,0.000403,0,426,control
acct_user_31146,user_31146,3,0.000403,0,614,control
acct_user_65318,user_65318,3,0.000403,0,496,control
acct_user_73679,user_73679,3,0.000403,0,645,control
acct_user_85226,user_85226,3,0.000403,0,91,control
acct_user_91154,user_91154,3,0.000403,0,705,control
acct_user_38666,user_38666,3,0.000403,0,818,control
acct_user_83383,user_83383,3,0.000403,0,304,control
acct_user_54208,user_54208,3,0.000403,0,228,control
acct_user_56930,user_56930,3,0.000403,0,680,control
acct_user_25975,user_25975,2,0.000367,1,682,treatment
acct_user_56399,user_56399,2,0.000367,1,407,treatment
acct_user_14406,user_14406,2,0.000367,1,1143,treatment
acct_user_16894,user_16894,2,0.000367,1,107,treatment
acct_user_65789,user_65789,2,0.000367,1,337,treatment
acct_user_47040,user_47040,2,0.000367,1,52,treatment
acct_user_36428,user_36428,2,0.000367,1,676,treatment
acct_user_81430,user_81430,2,0.000367,1,74,treatment
acct_user_86317,user_86317,2,0.000367,1,1082,treatment
acct_user_86677,user_86677,2,0.000367,1,888,treatment
acct_user_32883,user_32883,2,0.000367,1,410,treatment
acct_user_76302,user_76302,2,0.000367,1,756,treatment
acct_user_89305,user_89305,2,0.000367,1,399,treatment
acct_user_73554,user_73554,2,0.000367,1,859,treatment
acct_user_20740,user_20740,2,0.000367,1,180,treatment
acct_user_73078,user_73078,2,0.000367,1,540,treatment
acct_user_96609,user_96609,2,0.000367,1,112,treatment
acct_user_68808,user_68808,2,0.000367,1,300,treatment
acct_user_93959,user_93959,2,0.000367,1,559,treatment
acct_user_15150,user_15150,2,0.000367,1,82,treatment
acct_user_19956,user_19956,2,0.000367,1,319,treatment
acct_user_15001,user_15001,2,0.000367,1,418,treatment
acct_user_48827,user_48827,2,0.000367,1,114,treatment
acct_user_39273,user_39273,2,0.000367,1,706,treatment
acct_user_81113,user_81113,2,0.000367,1,391,treatment
acct_user_28631,user_28631,2,0.000367,1,521,treatment
acct_user_91858,user_91858,2,0.000367,1,259,treatment
acct_user_14612,user_14612,2,0.000367,1,383,treatment
acct_user_58870,user_58870,2,0.000367,1,675,treatment
acct_user_97605,user_97605,2,0.000367,1,987,treatment
acct_user_73272,user_73272,2,0.000367,1,708,treatment
acct_user_60247,user_60247,2,0.000367,1,22,treatment
acct_user_66097,user_66097,2,0.000367,1,428,treatment
acct_user_79488,user_79488,2,0.000367,1,280,treatment
acct_user_68314,user_68314,2,0.000367,1,60,treatment
acct_user_89864,user_89864,2,0.000367,1,721,treatment
acct_user_31547,user_31547,2,0.000367,1,712,treatment
acct_user_12632,user_12632,2,0.000367,1,297,treatment
acct_user_60706,user_60706,3,0.000364,0,399,control
acct_user_48691,user_48691,3,0.000364,0,405,control
acct_user_81808,user_81808,3,0.000364,0,560,control
acct_user_85233,user_85233,3,0.000364,0,603,control
acct_user_34436,user_34436,3,0.000364,0,796,control
acct_user_45248,user_45248,3,0.000364,0,1422,control
acct_user_72116,user_72116,3,0.000364,0,1200,control
acct_user_61193,user_61193,3,0.000364,0,588,control
acct_user_11459,user_11459,3,0.000364,0,976,control
acct_user_99782,user_99782,3,0.000364,0,1265,control
acct_user_91245,user_91245,3,0.000364,0,99,control
acct_user_20571,user_20571,3,0.000364,0,392,control
acct_user_37527,user_37527,3,0.000364,0,912,control
acct_user_48073,user_48073,3,0.000364,0,215,control
acct_user_81902,user_81902,3,0.000364,0,363,control
acct_user_29916,user_29916,3,0.000364,0,728,control
acct_user_41837,user_41837,3,0.000364,0,328,control
acct_user_26558,user_26558,3,0.000364,0,287,control
acct_user_86322,user_86322,3,0.000364,0,471,control
acct_user_21855,user_21855,3,0.000364,0,385,control
acct_user_53453,user_53453,3,0.000364,0,190,control
acct_user_65903,user_65903,3,0.000364,0,424,control
acct_user_50461,user_50461,2,0.000361,1,506,treatment
acct_user_74861,user_74861,2,0.000361,1,383,treatment
acct_user_40496,user_40496,2,0.000361,1,159,treatment
acct_user_85363,user_85363,2,0.000361,1,261,treatment
acct_user_78528,user_78528,2,0.000361,1,708,treatment
acct_user_95493,user_95493,2,0.000361,1,406,treatment
acct_user_56145,user_56145,2,0.000361,1,1133,treatment
acct_user_65970,user_65970,2,0.000361,1,865,treatment
acct_user_76587,user_76587,2,0.000361,1,163,treatment
acct_user_27494,user_27494,2,0.000361,1,286,treatment
acct_user_99590,user_99590,2,0.000361,1,884,treatment
acct_user_95141,user_95141,2,0.000361,1,77,treatment
acct_user_50188,user_50188,2,0.000361,1,424,treatment
acct_user_79322,user_79322,2,0.000361,1,27,treatment
acct_user_65244,user_65244,2,0.000361,1,263,treatment
acct_user_35491,user_35491,2,0.000361,1,636,treatment
acct_user_17570,user_17570,2,0.000361,1,203,treatment
acct_user_40652,user_40652,2,0.000361,1,30,treatment
acct_user_10731,user_10731,2,0.000361,1,374,treatment
acct_user_93500,user_93500,2,0.000361,1,842,treatment
acct_user_98611,user_98611,2,0.000361,1,732,treatment
acct_user_37540,user_37540,2,0.000361,1,864,treatment
acct_user_12234,user_12234,2,0.000361,1,16,treatment
acct_user_26883,user_26883,2,0.000361,1,574,treatment
acct_user_51465,user_51465,2,0.000361,1,1481,treatment
acct_user_61516,user_61516,2,0.000361,1,929,treatment
acct_user_86523,user_86523,2,0.000361,1,322,treatment
acct_user_22816,user_22816,2,0.000361,1,191,treatment
acct_user_50434,user_50434,2,0.000361,1,405,treatment
acct_user_13811,user_13811,2,0.000361,1,122,treatment
acct_user_77776,user_77776,2,0.000361,1,467,treatment
acct_user_99885,user_99885,2,0.000361,1,200,treatment
acct_user_23363,user_23363,2,0.000361,1,674,treatment
acct_user_36880,user_36880,2,0.000361,1,249,treatment
acct_user_34030,user_34030,2,0.000361,1,41,treatment
acct_user_86150,user_86150,2,0.000361,1,824,treatment
acct_user_68215,user_68215,2,0.000222,0,453,control
acct_user_90466,user_90466,2,0.000222,0,1506,control
acct_user_49732,user_49732,2,0.000222,0,693,control
acct_user_76174,user_76174,2,0.000222,0,250,control
acct_user_52522,user_52522,2,0.000222,0,1164,control
acct_user_41550,user_41550,2,0.000222,0,158,control
acct_user_59283,user_59283,2,0.000222,0,393,control
acct_user_28967,user_28967,2,0.000222,0,409,control
acct_user_17071,user_17071,2,0.000222,0,1576,control
acct_user_36337,user_36337,2,0.000222,0,1078,control
acct_user_96810,user_96810,2,0.000222,0,454,control
acct_user_89165,user_89165,2,0.000222,0,795,control
acct_user_72132,user_72132,2,0.000222,0,724,control
acct_user_28841,user_28841,2,0.000222,0,1033,control
acct_user_55661,user_55661,2,0.000222,0,119,control
acct_user_15408,user_15408,2,0.000222,0,345,control
acct_user_48166,user_48166,2,0.000222,0,33,control
acct_user_21056,user_21056,2,0.000222,0,540,control
acct_user_40968,user_40968,2,0.000222,0,1194,control
acct_user_88114,user_88114,2,0.000222,0,270,control
acct_user_89933,user_89933,2,0.000222,0,384,control
acct_user_34319,user_34319,2,0.000222,0,339,control
acct_user_89980,user_89980,2,0.000222,0,123,control
acct_user_77821,user_77821,2,0.000222,0,394,control
acct_user_94210,user_94210,2,0.000222,0,377,control
acct_user_81238,user_81238,2,0.000222,0,427,control
acct_user_18126,user_18126,2,0.000222,0,323,control
acct_user_19252,user_19252,2,0.000222,0,354,control
acct_user_69509,user_69509,2,0.000222,0,925,control
acct_user_90265,user_90265,2,0.000222,0,67,control
acct_user_14541,user_14541,2,0.000222,0,292,control
acct_user_92406,user_92406,2,0.000222,0,207,control
acct_user_28864,user_28864,2,0.000222,0,222,control
acct_user_15249,user_15249,2,0.000222,0,1383,control
acct_user_64281,user_64281,2,0.000222,0,311,control
acct_user_20205,user_20205,2,0.000222,0,331,control
acct_user_45888,user_45888,2,0.000222,0,608,control
acct_user_13162,user_13162,2,0.000222,0,539,control
acct_user_65417,user_65417,2,0.000222,0,171,control
acct_user_37249,user_37249,2,0.000222,0,477,control
acct_user_54888,user_54888,2,0.000222,0,617,control
acct_user_31119,user_31119,2,0.000222,0,343,control
acct_user_44726,user_44726,2,0.000222,0,1261,control
acct_user_96028,user_96028,2,0.000222,0,273,control
acct_user_95203,user_95203,2,0.000222,0,653,control
acct_user_68090,user_68090,2,0.000222,0,198,control
acct_user_23764,user_23764,2,0.000222,0,359,control
acct_user_75769,user_75769,2,0.000205,1,449,treatment
acct_user_52794,user_52794,2,0.000205,1,380,treatment
acct_user_82247,user_82247,2,0.000205,1,1037,treatment
acct_user_98558,user_98558,2,0.000205,1,628,treatment
acct_user_89572,user_89572,2,0.000205,1,233,treatment
acct_user_74586,user_74586,2,0.000205,1,336,treatment
acct_user_29471,user_29471,2,0.000205,1,785,treatment
acct_user_80882,user_80882,2,0.000205,1,295,treatment
acct_user_42458,user_42458,2,0.000205,1,640,treatment
acct_user_30611,user_30611,2,0.000205,1,360,treatment
acct_user_38705,user_38705,2,0.000205,1,459,treatment
acct_user_67276,user_67276,2,0.000205,1,1121,treatment
acct_user_54528,user_54528,2,0.000205,1,411,treatment
acct_user_69916,user_69916,2,0.000205,1,256,treatment
acct_user_85319,user_85319,2,0.000205,1,194,treatment
acct_user_41182,user_41182,2,0.000205,1,851,treatment
acct_user_44552,user_44552,2,0.000205,1,357,treatment
acct_user_50485,user_50485,2,0.000205,1,165,treatment
acct_user_59778,user_59778,2,0.000205,1,1069,treatment
acct_user_87230,user_87230,2,0.000205,1,547,treatment
acct_user_91702,user_91702,2,0.000205,1,221,treatment
acct_user_66102,user_66102,2,0.000205,1,79,treatment
acct_user_65038,user_65038,2,0.000205,1,394,treatment
acct_user_85922,user_85922,2,0.000205,1,125,treatment
acct_user_40842,user_40842,2,0.000205,1,92,treatment
acct_user_97430,user_97430,2,0.000205,1,240,treatment
acct_user_99603,user_99603,2,0.000205,1,757,treatment
acct_user_10426,user_10426,2,0.000205,1,210,treatment
acct_user_65720,user_65720,2,0.000205,1,332,treatment
acct_user_37570,user_37570,2,0.000205,1,296,treatment
acct_user_55747,user_55747,2,0.000205,1,87,treatment
acct_user_31929,user_31929,2,0.000205,1,1016,treatment
acct_user_13218,user_13218,2,0.000184,0,342,control
acct_user_95471,user_95471,2,0.000184,0,248,control
acct_user_55555,user_55555,2,0.000184,0,470,control
acct_user_37409,user_37409,2,0.000184,0,535,control
acct_user_80814,user_80814,2,0.000184,0,257,control
acct_user_20674,user_20674,2,0.000184,0,387,control
acct_user_88008,user_88008,2,0.000184,0,649,control
acct_user_76281,user_76281,2,0.000184,0,244,control
acct_user_18425,user_18425,2,0.000184,0,40,control
acct_user_60910,user_60910,2,0.000184,0,196,control
acct_user_87980,user_87980,2,0.000184,0,88,control
acct_user_80163,user_80163,2,0.000184,0,553,control
acct_user_57729,user_57729,2,0.000184,0,373,control
acct_user_91033,user_91033,2,0.000184,0,565,control
acct_user_27789,user_27789,2,0.000184,0,586,control
acct_user_81700,user_81700,2,0.000184,0,474,control
acct_user_61355,user_61355,2,0.000184,0,622,control
acct_user_29034,user_29034,2,0.000184,0,1316,control
acct_user_68950,user_68950,2,0.000184,0,152,control
acct_user_88013,user_88013,2,0.000184,0,464,control
acct_user_47599,user_47599,2,0.000184,0,1188,control
acct_user_39603,user_39603,2,0.000184,0,328,control
acct_user_80953,user_80953,2,0.000184,0,234,control
acct_user_41885,user_41885,2,0.000184,0,504,control
acct_user_50816,user_50816,2,0.000184,0,549,control
acct_user_19090,user_19090,2,0.000184,0,245,control
acct_user_23776,user_23776,2,0.000184,0,323,control
acct_user_68127,user_68127,2,0.000184,0,677,control
acct_user_72429,user_72429,2,0.000184,0,364,control
acct_user_28318,user_28318,2,0.000184,0,539,control
acct_user_76940,user_76940,2,0.000184,0,753,control
acct_user_13962,user_13962,2,0.000184,0,1524,control
acct_user_16570,user_16570,2,0.000184,0,223,control
acct_user_41244,user_41244,2,0.000184,0,467,control
acct_user_86143,user_86143,2,0.000184,0,538,control
acct_user_98279,user_98279,2,0.000184,0,266,control
acct_user_86955,user_86955,2,0.000184,0,259,control
acct_user_38350,user_38350,2,0.000184,0,183,control
acct_user_15055,user_15055,2,0.000184,0,266,control
acct_user_45135,user_45135,2,0.000184,0,547,control
acct_user_93367,user_93367,2,0.000184,0,290,control
acct_user_38033,user_38033,2,0.000184,0,1027,control
acct_user_57002,user_57002,2,0.000184,0,90,control
acct_user_82207,user_82207,2,0.000184,0,676,control
acct_user_78138,user_78138,2,0.000184,0,696,control
acct_user_70763,user_70763,2,0.000184,0,314,control
acct_user_82448,user_82448,2,0.000184,0,197,control
acct_user_76384,user_76384,2,0.000184,0,428,control
acct_user_78429,user_78429,2,0.000184,0,98,control
acct_user_38610,user_38610,2,0.000184,0,310,control
acct_user_23448,user_23448,2,0.000184,0,488,control
acct_user_25307,user_25307,2,0.000184,0,528,control
acct_user_92399,user_92399,2,0.000184,0,416,control
acct_user_31417,user_31417,2,0.000184,0,540,control
acct_user_16300,user_16300,2,0.000184,0,171,control
acct_user_56071,user_56071,2,0.000184,0,580,control
acct_user_71079,user_71079,2,0.000184,0,501,control
acct_user_63641,user_63641,2,0.000184,0,342,control
acct_user_15332,user_15332,2,0.000184,0,446,control
acct_user_85632,user_85632,2,0.000184,0,533,control
acct_user_84902,user_84902,2,0.000184,0,485,control
acct_user_34666,user_34666,2,0.000183,0,172,control
acct_user_41279,user_41279,2,0.000183,0,864,control
acct_user_82602,user_82602,2,0.000183,0,1212,control
acct_user_93345,user_93345,2,0.000183,0,470,control
acct_user_88372,user_88372,2,0.000183,0,413,control
acct_user_70104,user_70104,2,0.000183,0,642,control
acct_user_12421,user_12421,2,0.000183,0,77,control
acct_user_57520,user_57520,2,0.000183,0,1216,control
acct_user_32472,user_32472,2,0.000183,0,421,control
acct_user_81747,user_81747,2,0.000183,0,444,control
acct_user_24265,user_24265,2,0.000183,0,217,control
acct_user_88024,user_88024,2,0.000183,0,479,control
acct_user_26254,user_26254,2,0.000183,0,223,control
acct_user_70123,user_70123,2,0.000183,0,389,control
acct_user_90427,user_90427,2,0.000183,0,193,control
acct_user_39510,user_39510,2,0.000183,0,355,control
acct_user_80248,user_80248,2,0.000183,0,1113,control
acct_user_72989,user_72989,2,0.000183,0,18,control
acct_user_94861,user_94861,2,0.000183,0,163,control
acct_user_35939,user_35939,2,0.000183,0,192,control
acct_user_12302,user_12302,2,0.000183,0,668,control
acct_user_57071,user_57071,2,0.000183,0,362,control
acct_user_11851,user_11851,2,0.000183,0,359,control
acct_user_92152,user_92152,2,0.000183,0,1266,control
acct_user_60630,user_60630,2,0.000183,0,309,control
acct_user_15588,user_15588,2,0.000183,0,297,control
acct_user_29312,user_29312,2,0.000183,0,697,control
acct_user_47103,user_47103,2,0.000183,0,1024,control
acct_user_99709,user_99709,2,0.000183,0,589,control
acct_user_28306,user_28306,2,0.000183,0,457,control
acct_user_25888,user_25888,2,0.000183,0,352,control
acct_user_23148,user_23148,2,0.000183,0,432,control
acct_user_97972,user_97972,2,0.000183,0,476,control
acct_user_43368,user_43368,2,0.000183,0,480,control
acct_user_77679,user_77679,2,0.000183,0,1215,control
acct_user_60786,user_60786,2,0.000183,0,515,control
acct_user_24210,user_24210,2,0.000183,0,333,control
acct_user_79244,user_79244,2,0.000183,0,1314,control
acct_user_36487,user_36487,2,0.000183,0,1652,control
acct_user_81538,user_81538,2,0.000183,0,188,control
acct_user_26426,user_26426,2,0.000183,0,140,control
acct_user_48625,user_48625,2,0.000183,0,881,control
acct_user_25766,user_25766,2,0.000183,0,533,control
acct_user_53398,user_53398,2,0.000183,0,641,control
acct_user_40988,user_40988,2,0.000183,0,10,control
acct_user_93150,user_93150,2,0.000183,0,176,control
acct_user_34873,user_34873,2,0.000183,0,1637,control
acct_user_34179,user_34179,2,0.000183,0,208,control
acct_user_84618,user_84618,2,0.000183,0,2042,control
acct_user_48785,user_48785,2,0.000183,0,307,control
acct_user_88220,user_88220,2,0.000183,0,852,control
acct_user_82015,user_82015,2,0.000183,0,491,control
acct_user_36300,user_36300,2,0.000183,0,569,control
acct_user_60981,user_60981,2,0.000183,0,505,control
acct_user_26511,user_26511,2,0.000183,0,472,control
acct_user_16381,user_16381,2,0.000183,0,447,control
acct_user_32479,user_32479,2,0.000183,0,644,control
acct_user_80762,user_80762,2,0.000183,0,697,control
acct_user_94781,user_94781,2,0.000183,0,516,control
acct_user_41605,user_41605,2,0.000183,0,338,control
acct_user_81564,user_81564,2,0.000183,0,605,control
acct_user_54458,user_54458,2,0.000182,1,235,treatment
acct_user_76929,user_76929,2,0.000182,1,488,treatment
acct_user_41231,user_41231,2,0.000182,1,97,treatment
acct_user_87568,user_87568,2,0.000182,1,431,treatment
acct_user_56316,user_56316,2,0.000182,1,429,treatment
acct_user_57669,user_57669,2,0.000182,1,542,treatment
acct_user_73188,user_73188,2,0.000182,1,856,treatment
acct_user_94117,user_94117,2,0.000182,1,594,treatment
acct_user_13225,user_13225,2,0.000182,1,1184,treatment
acct_user_79563,user_79563,2,0.000182,1,572,treatment
acct_user_88749,user_88749,2,0.000182,1,97,treatment
acct_user_35625,user_35625,2,0.000182,1,929,treatment
acct_user_16318,user_16318,2,0.000182,1,441,treatment
acct_user_81928,user_81928,2,0.000182,1,440,treatment
acct_user_36679,user_36679,2,0.000182,1,606,treatment
acct_user_51468,user_51468,2,0.000182,1,308,treatment
acct_user_64322,user_64322,2,0.000182,1,1021,treatment
acct_user_83198,user_83198,2,0.000182,1,361,treatment
acct_user_31747,user_31747,2,0.000182,1,814,treatment
acct_user_16662,user_16662,2,0.000182,1,858,treatment
acct_user_19835,user_19835,2,0.000182,1,171,treatment
acct_user_25569,user_25569,2,0.000182,1,660,treatment
acct_user_99918,user_99918,2,0.000182,1,772,treatment
acct_user_33174,user_33174,2,0.000182,1,785,treatment
acct_user_98203,user_98203,2,0.000182,1,690,treatment
acct_user_69323,user_69323,2,0.000182,1,44,treatment
acct_user_55735,user_55735,2,0.000182,1,412,treatment
acct_user_60918,user_60918,2,0.000182,1,36,treatment
acct_user_52975,user_52975,2,0.000182,1,261,treatment
acct_user_58556,user_58556,2,0.000182,1,1106,treatment
acct_user_65467,user_65467,2,0.000182,1,643,treatment
acct_user_47329,user_47329,2,0.000182,1,430,treatment
acct_user_35026,user_35026,2,0.000182,1,334,treatment
acct_user_39423,user_39423,2,0.00017,0,652,control
acct_user_70760,user_70760,2,0.00017,0,1088,control
acct_user_24436,user_24436,2,0.00017,0,562,control
acct_user_52411,user_52411,2,0.00017,0,167,control
acct_user_42579,user_42579,2,0.00017,0,1014,control
acct_user_96877,user_96877,2,0.00017,0,750,control
acct_user_41500,user_41500,2,0.00017,0,188,control
acct_user_16791,user_16791,2,0.00017,0,427,control
acct_user_45352,user_45352,2,0.00017,0,952,control
acct_user_66297,user_66297,2,0.00017,0,742,control
acct_user_89657,user_89657,2,0.00017,0,143,control
acct_user_28292,user_28292,2,0.00017,0,91,control
acct_user_90199,user_90199,2,0.00017,0,727,control
acct_user_84199,user_84199,2,0.00017,0,307,control
acct_user_30232,user_30232,2,0.00017,0,58,control
acct_user_38957,user_38957,2,0.00017,0,170,control
acct_user_93538,user_93538,2,0.00017,0,487,control
acct_user_77030,user_77030,2,0.00017,0,943,control
acct_user_88747,user_88747,2,0.00017,0,197,control
acct_user_83122,user_83122,2,0.00017,0,86,control
acct_user_79434,user_79434,2,0.00017,0,438,control
acct_user_18202,user_18202,2,0.00017,0,405,control
acct_user_71723,user_71723,2,0.00017,0,45,control
acct_user_50422,user_50422,2,0.00017,0,336,control
acct_user_69462,user_69462,2,0.00017,0,808,control
acct_user_54419,user_54419,2,0.00017,0,773,control
acct_user_32729,user_32729,2,0.00017,0,102,control
acct_user_46729,user_46729,2,0.00017,0,273,control
acct_user_84386,user_84386,2,0.00017,0,188,control
acct_user_85516,user_85516,2,0.00017,0,865,control
acct_user_35937,user_35937,2,0.00017,0,834,control
acct_user_50029,user_50029,2,0.00017,0,277,control
acct_user_86476,user_86476,2,0.00017,0,649,control
acct_user_47424,user_47424,2,0.00017,0,253,control
acct_user_89671,user_89671,2,0.00017,0,474,control
acct_user_46303,user_46303,2,0.00017,0,934,control
acct_user_63272,user_63272,2,0.00017,0,176,control
acct_user_79615,user_79615,2,0.00017,0,1188,control
acct_user_39579,user_39579,2,0.00017,0,426,control
acct_user_76691,user_76691,2,0.00017,0,232,control
acct_user_30013,user_30013,2,0.00017,0,221,control
acct_user_34564,user_34564,2,0.00017,0,346,control
acct_user_70555,user_70555,2,0.00017,0,584,control
acct_user_52944,user_52944,2,0.00017,0,416,control
acct_user_81816,user_81816,2,0.00017,0,217,control
acct_user_82870,user_82870,2,0.00017,0,245,control
acct_user_55740,user_55740,2,0.00017,0,751,control
acct_user_38627,user_38627,2,0.00017,0,338,control
acct_user_20240,user_20240,2,0.00017,0,202,control
acct_user_10352,user_10352,2,0.00017,0,601,control
acct_user_61621,user_61621,2,0.00017,0,1017,control
acct_user_51544,user_51544,2,0.00017,0,341,control
acct_user_64034,user_64034,2,0.00017,0,798,control
acct_user_79326,user_79326,2,0.00017,0,911,control
acct_user_51121,user_51121,2,0.00017,0,527,control
acct_user_34836,user_34836,2,0.00017,0,276,control
acct_user_61961,user_61961,2,0.00017,0,342,control
acct_user_93537,user_93537,2,0.00017,0,564,control
acct_user_90365,user_90365,2,0.00017,0,511,control
acct_user_23205,user_23205,2,0.00017,0,167,control
acct_user_32207,user_32207,2,0.00017,0,210,control
acct_user_90732,user_90732,2,0.000161,1,185,treatment
acct_user_52954,user_52954,2,0.000161,1,716,treatment
acct_user_20820,user_20820,2,0.000161,1,624,treatment
acct_user_36001,user_36001,2,0.000161,1,767,treatment
acct_user_20426,user_20426,2,0.000161,1,26,treatment
acct_user_49039,user_49039,2,0.000161,1,329,treatment
acct_user_63276,user_63276,2,0.000161,1,360,treatment
acct_user_35940,user_35940,2,0.000161,1,1241,treatment
acct_user_18571,user_18571,2,0.000161,1,91,treatment
acct_user_85778,user_85778,2,0.000161,1,95,treatment
acct_user_67115,user_67115,2,0.000161,1,288,treatment
acct_user_83797,user_83797,2,0.000161,1,295,treatment
acct_user_32903,user_32903,2,0.000161,1,405,treatment
acct_user_47261,user_47261,2,0.000161,1,364,treatment
acct_user_34188,user_34188,2,0.000161,1,920,treatment
acct_user_11321,user_11321,2,0.000161,1,502,treatment
acct_user_22092,user_22092,2,0.000161,1,133,treatment
acct_user_33667,user_33667,2,0.000161,1,632,treatment
acct_user_89789,user_89789,2,0.000161,1,436,treatment
acct_user_68484,user_68484,2,0.000161,1,202,treatment
acct_user_54117,user_54117,2,0.000161,1,1661,treatment
acct_user_66887,user_66887,2,0.000161,1,578,treatment
acct_user_45312,user_45312,2,0.000161,1,565,treatment
acct_user_32918,user_32918,2,0.000161,1,317,treatment
acct_user_36672,user_36672,2,0.000161,1,314,treatment
acct_user_71264,user_71264,2,0.000161,1,910,treatment
acct_user_13697,user_13697,2,0.000161,1,665,treatment
acct_user_88011,user_88011,2,0.000161,1,381,treatment
acct_user_72979,user_72979,2,0.000161,1,265,treatment
acct_user_93470,user_93470,2,0.000161,1,216,treatment
acct_user_31158,user_31158,2,0.000161,1,999,treatment
acct_user_79353,user_79353,2,0.000161,1,496,treatment
acct_user_29406,user_29406,2,0.000161,1,289,treatment
acct_user_51847,user_51847,2,0.000161,1,606,treatment
acct_user_31723,user_31723,2,0.000161,1,209,treatment
acct_user_32345,user_32345,2,0.000161,1,302,treatment
acct_user_54472,user_54472,2,0.000161,1,268,treatment
acct_user_39799,user_39799,2,0.000161,1,461,treatment
acct_user_17632,user_17632,2,0.000161,1,265,treatment
acct_user_59469,user_59469,2,0.000161,1,1053,treatment
acct_user_22438,user_22438,2,0.000161,1,157,treatment
acct_user_57998,user_57998,2,0.000154,0,573,control
acct_user_60986,user_60986,2,0.000154,1,294,treatment
acct_user_40473,user_40473,2,0.000154,0,518,control
acct_user_48900,user_48900,2,0.000154,0,128,control
acct_user_39765,user_39765,2,0.000154,1,364,treatment
acct_user_88921,user_88921,2,0.000154,0,104,control
acct_user_11311,user_11311,2,0.000154,1,1207,treatment
acct_user_50960,user_50960,2,0.000154,1,594,treatment
acct_user_26283,user_26283,2,0.000154,1,647,treatment
acct_user_11751,user_11751,2,0.000154,0,534,control
acct_user_55734,user_55734,2,0.000154,1,308,treatment
acct_user_61520,user_61520,2,0.000154,1,347,treatment
acct_user_77406,user_77406,2,0.000154,0,686,control
acct_user_50945,user_50945,2,0.000154,0,142,control
acct_user_37628,user_37628,2,0.000154,0,742,control
acct_user_42525,user_42525,2,0.000154,0,462,control
acct_user_54059,user_54059,2,0.000154,0,79,control
acct_user_22287,user_22287,2,0.000154,1,115,treatment
acct_user_96685,user_96685,2,0.000154,1,1119,treatment
acct_user_45090,user_45090,2,0.000154,0,527,control
acct_user_15499,user_15499,2,0.000154,0,138,control
acct_user_62339,user_62339,2,0.000154,0,377,control
acct_user_15007,user_15007,2,0.000154,0,1625,control
acct_user_35478,user_35478,2,0.000154,0,1548,control
acct_user_81586,user_81586,2,0.000154,0,618,control
acct_user_86343,user_86343,2,0.000154,0,365,control
acct_user_11185,user_11185,2,0.000154,0,1040,control
acct_user_40026,user_40026,2,0.000154,1,695,treatment
acct_user_69980,user_69980,2,0.000154,0,722,control
acct_user_88914,user_88914,2,0.000154,0,66,control
acct_user_12815,user_12815,2,0.000154,1,892,treatment
acct_user_32507,user_32507,2,0.000154,0,448,control
acct_user_54072,user_54072,2,0.000154,1,938,treatment
acct_user_74212,user_74212,2,0.000154,1,1347,treatment
acct_user_66340,user_66340,2,0.000154,1,1183,treatment
acct_user_13327,user_13327,2,0.000154,1,280,treatment
acct_user_91738,user_91738,2,0.000154,0,481,control
acct_user_90728,user_90728,2,0.000154,1,147,treatment
acct_user_64307,user_64307,2,0.000154,1,348,treatment
acct_user_46684,user_46684,2,0.000154,0,869,control
acct_user_51203,user_51203,2,0.000154,1,867,treatment
acct_user_41214,user_41214,2,0.000154,0,272,control
acct_user_22068,user_22068,2,0.000154,1,191,treatment
acct_user_81245,user_81245,2,0.000154,0,370,control
acct_user_47658,user_47658,2,0.000154,0,640,control
acct_user_52862,user_52862,2,0.000154,1,304,treatment
acct_user_32136,user_32136,2,0.000154,0,494,control
acct_user_20194,user_20194,2,0.000154,0,1067,control
acct_user_22007,user_22007,2,0.000154,0,448,control
acct_user_10699,user_10699,2,0.000154,0,295,control
acct_user_25012,user_25012,2,0.000154,0,91,control
acct_user_93222,user_93222,2,0.000154,1,760,treatment
acct_user_48794,user_48794,2,0.000154,0,379,control
acct_user_24867,user_24867,2,0.000154,0,236,control
acct_user_80158,user_80158,2,0.000154,1,559,treatment
acct_user_47062,user_47062,2,0.000154,1,399,treatment
acct_user_99129,user_99129,2,0.000154,0,129,control
acct_user_38236,user_38236,2,0.000154,0,280,control
acct_user_53557,user_53557,2,0.000154,0,1670,control
acct_user_98063,user_98063,2,0.000154,0,625,control
acct_user_54412,user_54412,2,0.000154,0,180,control
acct_user_88494,user_88494,2,0.000154,0,98,control
acct_user_82082,user_82082,2,0.000154,0,471,control
acct_user_77976,user_77976,2,0.000154,0,400,control
acct_user_86600,user_86600,2,0.000154,1,416,treatment
acct_user_62422,user_62422,2,0.000154,0,797,control
acct_user_27469,user_27469,2,0.000154,0,491,control
acct_user_29771,user_29771,2,0.000154,0,347,control
acct_user_82203,user_82203,2,0.000154,0,252,control
acct_user_29146,user_29146,2,0.000154,0,567,control
acct_user_49219,user_49219,2,0.000154,0,649,control
acct_user_87088,user_87088,2,0.000154,1,299,treatment
acct_user_62650,user_62650,2,0.000154,1,472,treatment
acct_user_18148,user_18148,2,0.000154,0,461,control
acct_user_75986,user_75986,2,0.000154,0,651,control
acct_user_92894,user_92894,2,0.000154,1,18,treatment
acct_user_70317,user_70317,2,0.000154,1,410,treatment
acct_user_11590,user_11590,2,0.000154,1,895,treatment
acct_user_75119,user_75119,2,0.000154,0,223,control
acct_user_30303,user_30303,2,0.000154,1,425,treatment
acct_user_93824,user_93824,2,0.000154,1,938,treatment
acct_user_97849,user_97849,2,0.000154,0,276,control
acct_user_66946,user_66946,2,0.000154,0,383,control
acct_user_19026,user_19026,2,0.000154,0,227,control
acct_user_88687,user_88687,2,0.000154,1,407,treatment
acct_user_17529,user_17529,2,0.000154,0,1141,control
acct_user_65060,user_65060,2,0.000154,0,195,control
acct_user_84539,user_84539,2,0.000154,0,257,control
acct_user_74471,user_74471,2,0.000154,0,612,control
acct_user_50338,user_50338,2,0.000154,1,440,treatment
acct_user_14263,user_14263,2,0.000154,1,442,treatment
acct_user_35665,user_35665,2,0.000154,0,329,control
acct_user_86749,user_86749,2,0.000154,1,431,treatment
acct_user_39445,user_39445,2,0.000154,0,626,control
acct_user_10110,user_10110,2,0.000154,1,1033,treatment
acct_user_94708,user_94708,2,0.000154,0,52,control
acct_user_19390,user_19390,2,0.000154,0,591,control
acct_user_56567,user_56567,2,0.000154,0,56,control
acct_user_39353,user_39353,2,0.000154,0,854,control
acct_user_38198,user_38198,2,0.000154,0,441,control
acct_user_83553,user_83553,2,0.000154,0,695,control
acct_user_37185,user_37185,2,0.000154,0,659,control
acct_user_86183,user_86183,2,0.000154,0,547,control
acct_user_10358,user_10358,2,0.000154,0,593,control
acct_user_35254,user_35254,2,0.000154,1,435,treatment
acct_user_49511,user_49511,2,0.000154,0,453,control
acct_user_82668,user_82668,2,0.000154,1,524,treatment
acct_user_85420,user_85420,2,0.000154,0,966,control
acct_user_87526,user_87526,2,0.000154,0,164,control
acct_user_35608,user_35608,2,0.000154,1,421,treatment
acct_user_40071,user_40071,2,0.000154,1,504,treatment
acct_user_26590,user_26590,2,0.000149,0,313,control
acct_user_93321,user_93321,2,0.000149,0,466,control
acct_user_81905,user_81905,2,0.000149,0,297,control
acct_user_91455,user_91455,2,0.000149,0,1033,control
acct_user_76650,user_76650,2,0.000149,0,103,control
acct_user_88347,user_88347,2,0.000149,0,345,control
acct_user_99762,user_99762,2,0.000149,0,1344,control
acct_user_60615,user_60615,2,0.000149,0,799,control
acct_user_42648,user_42648,2,0.000149,0,159,control
acct_user_65848,user_65848,2,0.000149,0,189,control
acct_user_38354,user_38354,2,0.000149,0,381,control
acct_user_30006,user_30006,2,0.000149,0,119,control
acct_user_49737,user_49737,2,0.000149,0,960,control
acct_user_45989,user_45989,2,0.000149,0,290,control
acct_user_91689,user_91689,2,0.000149,0,228,control
acct_user_96530,user_96530,2,0.000149,0,338,control
acct_user_37941,user_37941,2,0.000149,0,92,control
acct_user_46062,user_46062,2,0.000149,0,176,control
acct_user_90395,user_90395,2,0.000149,0,889,control
acct_user_69448,user_69448,2,0.000149,0,529,control
acct_user_90063,user_90063,2,0.000149,0,918,control
acct_user_94607,user_94607,2,0.000149,0,95,control
acct_user_74195,user_74195,2,0.000149,0,334,control
acct_user_68652,user_68652,2,0.000149,0,872,control
acct_user_51737,user_51737,2,0.000149,0,935,control
acct_user_83543,user_83543,2,0.000149,0,183,control
acct_user_37521,user_37521,2,0.000149,0,1298,control
acct_user_82283,user_82283,2,0.000149,0,667,control
acct_user_28915,user_28915,2,0.000149,0,475,control
acct_user_34782,user_34782,2,0.000149,0,601,control
acct_user_77059,user_77059,2,0.000149,0,163,control
acct_user_76757,user_76757,2,0.000149,0,376,control
acct_user_67359,user_67359,2,0.000149,0,137,control
acct_user_52369,user_52369,2,0.000149,0,94,control
acct_user_73496,user_73496,2,0.000149,0,185,control
acct_user_49194,user_49194,2,0.000149,0,900,control
acct_user_33863,user_33863,2,0.000149,0,216,control
acct_user_12202,user_12202,2,0.000149,0,1127,control
acct_user_75387,user_75387,2,0.000149,0,869,control
acct_user_25334,user_25334,2,0.000149,0,243,control
acct_user_42803,user_42803,2,0.000149,0,601,control
acct_user_68131,user_68131,2,0.000149,0,127,control
acct_user_66897,user_66897,2,0.000149,0,313,control
acct_user_25881,user_25881,2,0.000149,0,376,control
acct_user_99235,user_99235,2,0.000149,0,240,control
acct_user_29109,user_29109,2,0.000149,0,695,control
acct_user_29583,user_29583,2,0.000149,0,64,control
acct_user_77576,user_77576,2,0.000149,0,523,control
acct_user_29853,user_29853,2,0.000149,0,290,control
acct_user_91190,user_91190,2,0.000149,0,375,control
acct_user_27590,user_27590,2,0.000149,0,831,control
acct_user_39818,user_39818,2,0.000149,0,800,control
acct_user_55942,user_55942,2,0.000149,0,73,control
acct_user_98007,user_98007,2,0.000149,0,905,control
acct_user_48493,user_48493,2,0.000149,0,1036,control
acct_user_83320,user_83320,2,0.000149,0,648,control
acct_user_63386,user_63386,2,0.000149,0,249,control
acct_user_72763,user_72763,2,0.000149,0,215,control
acct_user_70118,user_70118,2,0.000149,0,277,control
acct_user_93611,user_93611,2,0.000149,0,451,control
acct_user_92124,user_92124,2,0.000149,0,125,control
acct_user_31326,user_31326,2,0.000149,0,516,control
acct_user_37340,user_37340,2,0.000149,0,298,control
acct_user_75141,user_75141,2,0.000149,0,643,control
acct_user_23238,user_23238,2,0.000149,0,378,control
acct_user_87131,user_87131,2,0.000149,0,386,control
acct_user_70784,user_70784,2,0.000149,0,667,control
acct_user_81900,user_81900,2,0.000149,0,490,control
acct_user_35976,user_35976,2,0.000149,0,417,control
acct_user_83670,user_83670,2,0.000149,0,429,control
acct_user_19268,user_19268,2,0.000149,0,296,control
acct_user_10784,user_10784,1,0.0,0,1246,control
acct_user_68119,user_68119,1,0.0,0,28,control
acct_user_47349,user_47349,1,0.0,1,136,treatment
acct_user_35064,user_35064,1,0.0,0,199,control
acct_user_64701,user_64701,1,0.0,0,301,control
acct_user_77516,user_77516,1,0.0,0,1049,control
acct_user_59932,user_59932,1,0.0,1,294,treatment
acct_user_27887,user_27887,1,0.0,0,173,control
acct_user_24119,user_24119,1,0.0,0,346,control
acct_user_98217,user_98217,1,0.0,1,186,treatment
acct_user_71801,user_71801,1,0.0,0,249,control
acct_user_59603,user_59603,1,0.0,1,277,treatment
acct_user_36716,user_36716,1,0.0,0,220,control
acct_user_18351,user_18351,1,0.0,0,209,control
acct_user_17995,user_17995,1,0.0,0,539,control
acct_user_64346,user_64346,1,0.0,0,876,control
acct_user_69003,user_69003,1,0.0,0,986,control
acct_user_35551,user_35551,1,0.0,1,440,treatment
acct_user_52238,user_52238,1,0.0,1,42,treatment
acct_user_64140,user_64140,1,0.0,1,330,treatment
acct_user_41322,user_41322,1,0.0,1,452,treatment
acct_user_43008,user_43008,1,0.0,0,1112,control
acct_user_77874,user_77874,1,0.0,0,153,control
acct_user_38655,user_38655,1,0.0,1,147,treatment
acct_user_75249,user_75249,1,0.0,0,1465,control
acct_user_93839,user_93839,1,0.0,1,104,treatment
acct_user_10965,user_10965,1,0.0,1,1024,treatment
acct_user_18406,user_18406,1,0.0,1,511,treatment
acct_user_66209,user_66209,1,0.0,0,592,control
acct_user_70923,user_70923,1,0.0,0,428,control
acct_user_46790,user_46790,1,0.0,1,1128,treatment
acct_user_12685,user_12685,1,0.0,1,317,treatment
acct_user_22965,user_22965,1,0.0,1,251,treatment
acct_user_13432,user_13432,1,0.0,0,444,control
acct_user_25061,user_25061,1,0.0,0,415,control
acct_user_11251,user_11251,1,0.0,1,144,treatment
acct_user_93416,user_93416,1,0.0,0,614,control
acct_user_55091,user_55091,1,0.0,0,491,control
acct_user_83394,user_83394,1,0.0,0,10,control
acct_user_26663,user_26663,1,0.0,0,531,control
acct_user_67087,user_67087,1,0.0,0,758,control
acct_user_86890,user_86890,1,0.0,1,590,treatment
acct_user_48510,user_48510,1,0.0,1,330,treatment
acct_user_26018,user_26018,1,0.0,0,325,control
acct_user_53431,user_53431,1,0.0,1,343,treatment
acct_user_32074,user_32074,1,0.0,0,299,control
acct_user_79938,user_79938,1,0.0,0,1337,control
acct_user_63073,user_63073,1,0.0,1,776,treatment
acct_user_68603,user_68603,1,0.0,0,535,control
acct_user_87544,user_87544,1,0.0,0,873,control
acct_user_57742,user_57742,1,0.0,0,449,control
acct_user_86002,user_86002,1,0.0,1,21,treatment
acct_user_98617,user_98617,1,0.0,1,376,treatment
acct_user_18832,user_18832,1,0.0,0,1020,control
acct_user_20363,user_20363,1,0.0,0,683,control
acct_user_36904,user_36904,1,0.0,1,1012,treatment
acct_user_96084,user_96084,1,0.0,0,321,control
acct_user_65322,user_65322,1,0.0,1,1710,treatment
acct_user_33412,user_33412,1,0.0,0,1122,control
acct_user_60441,user_60441,1,0.0,1,881,treatment
acct_user_89378,user_89378,1,0.0,0,242,control
acct_user_58876,user_58876,1,0.0,0,230,control
acct_user_46612,user_46612,1,0.0,1,407,treatment
acct_user_29289,user_29289,1,0.0,0,933,control
acct_user_14997,user_14997,1,0.0,0,319,control
acct_user_97843,user_97843,1,0.0,0,1406,control
acct_user_27574,user_27574,1,0.0,0,448,control
acct_user_58309,user_58309,1,0.0,0,298,control
acct_user_37677,user_37677,1,0.0,1,177,treatment
acct_user_74034,user_74034,1,0.0,1,300,treatment
acct_user_42848,user_42848,1,0.0,0,425,control
acct_user_82346,user_82346,1,0.0,0,1134,control
acct_user_43045,user_43045,1,0.0,0,46,control
acct_user_96257,user_96257,1,0.0,1,248,treatment
acct_user_31073,user_31073,1,0.0,0,1314,control
acct_user_23827,user_23827,1,0.0,0,1167,control
acct_user_84010,user_84010,1,0.0,0,708,control
acct_user_43284,user_43284,1,0.0,0,447,control
acct_user_24631,user_24631,1,0.0,1,687,treatment
acct_user_85707,user_85707,1,0.0,1,554,treatment
acct_user_57176,user_57176,1,0.0,1,831,treatment
acct_user_78641,user_78641,1,0.0,1,723,treatment
acct_user_14965,user_14965,1,0.0,0,1001,control
acct_user_96153,user_96153,1,0.0,0,477,control
acct_user_46472,user_46472,1,0.0,0,335,control
acct_user_55156,user_55156,1,0.0,1,451,treatment
acct_user_69910,user_69910,1,0.0,1,164,treatment
acct_user_55326,user_55326,1,0.0,1,284,treatment
acct_user_69595,user_69595,1,0.0,0,561,control
acct_user_85671,user_85671,1,0.0,0,170,control
acct_user_34733,user_34733,1,0.0,1,260,treatment
acct_user_14557,user_14557,1,0.0,0,555,control
acct_user_63128,user_63128,1,0.0,1,1748,treatment
acct_user_24413,user_24413,1,0.0,0,504,control
acct_user_35957,user_35957,1,0.0,0,345,control
acct_user_87969,user_87969,1,0.0,1,638,treatment
acct_user_76439,user_76439,1,0.0,1,209,treatment
acct_user_81178,user_81178,1,0.0,0,422,control
acct_user_83183,user_83183,1,0.0,1,408,treatment
acct_user_15269,user_15269,1,0.0,0,926,control
acct_user_75748,user_75748,1,0.0,0,577,control
acct_user_60106,user_60106,1,0.0,0,605,control
acct_user_28177,user_28177,1,0.0,1,869,treatment
acct_user_83316,user_83316,1,0.0,1,104,treatment
acct_user_86519,user_86519,1,0.0,1,372,treatment
acct_user_38711,user_38711,1,0.0,1,210,treatment
acct_user_25325,user_25325,1,0.0,1,211,treatment
acct_user_96532,user_96532,1,0.0,0,239,control
acct_user_85266,user_85266,1,0.0,1,712,treatment
acct_user_50470,user_50470,1,0.0,0,458,control
acct_user_18569,user_18569,1,0.0,0,451,control
acct_user_98361,user_98361,1,0.0,1,384,treatment
acct_user_97142,user_97142,1,0.0,1,301,treatment
acct_user_69340,user_69340,1,0.0,0,809,control
acct_user_41708,user_41708,1,0.0,0,44,control
acct_user_76333,user_76333,1,0.0,0,952,control
acct_user_75265,user_75265,1,0.0,1,94,treatment
acct_user_69131,user_69131,1,0.0,1,385,treatment
acct_user_13509,user_13509,1,0.0,0,317,control
acct_user_19675,user_19675,1,0.0,0,692,control
acct_user_62779,user_62779,1,0.0,1,320,treatment
acct_user_14586,user_14586,1,0.0,1,332,treatment
acct_user_71492,user_71492,1,0.0,1,416,treatment
acct_user_97729,user_97729,1,0.0,0,633,control
acct_user_89111,user_89111,1,0.0,1,886,treatment
acct_user_91228,user_91228,1,0.0,1,876,treatment
acct_user_25407,user_25407,1,0.0,1,1096,treatment
acct_user_83747,user_83747,1,0.0,0,115,control
acct_user_75941,user_75941,1,0.0,0,566,control
acct_user_76712,user_76712,1,0.0,0,971,control
acct_user_32482,user_32482,1,0.0,0,201,control
acct_user_61713,user_61713,1,0.0,0,110,control
acct_user_31527,user_31527,1,0.0,0,564,control
acct_user_80701,user_80701,1,0.0,1,472,treatment
acct_user_63046,user_63046,1,0.0,0,388,control
acct_user_96513,user_96513,1,0.0,0,314,control
acct_user_53795,user_53795,1,0.0,0,711,control
acct_user_10149,user_10149,1,0.0,1,127,treatment
acct_user_54792,user_54792,1,0.0,0,307,control
acct_user_32553,user_32553,1,0.0,1,292,treatment
acct_user_63085,user_63085,1,0.0,0,266,control
acct_user_56356,user_56356,1,0.0,1,317,treatment
acct_user_51789,user_51789,1,0.0,0,146,control
acct_user_80018,user_80018,1,0.0,1,521,treatment
acct_user_33745,user_33745,1,0.0,1,241,treatment
acct_user_82768,user_82768,1,0.0,0,1728,control
acct_user_37337,user_37337,1,0.0,0,314,control
acct_user_60594,user_60594,1,0.0,1,340,treatment
acct_user_87009,user_87009,1,0.0,1,665,treatment
acct_user_38458,user_38458,1,0.0,1,192,treatment
acct_user_51790,user_51790,1,0.0,0,381,control
acct_user_57477,user_57477,1,0.0,0,108,control
acct_user_25651,user_25651,1,0.0,0,245,control
acct_user_19769,user_19769,1,0.0,0,195,control
acct_user_34783,user_34783,1,0.0,0,594,control
acct_user_36285,user_36285,1,0.0,1,412,treatment
acct_user_60137,user_60137,1,0.0,0,313,control
acct_user_42994,user_42994,1,0.0,1,196,treatment
acct_user_79960,user_79960,1,0.0,1,265,treatment
acct_user_17204,user_17204,1,0.0,1,705,treatment
acct_user_31107,user_31107,1,0.0,1,37,treatment
acct_user_43207,user_43207,1,0.0,1,220,treatment
acct_user_85867,user_85867,1,0.0,0,350,control
acct_user_20309,user_20309,1,0.0,1,326,treatment
acct_user_58842,user_58842,1,0.0,0,283,control
acct_user_28615,user_28615,1,0.0,0,207,control
acct_user_39052,user_39052,1,0.0,0,244,control
acct_user_15897,user_15897,1,0.0,1,1448,treatment
acct_user_72982,user_72982,1,0.0,1,1069,treatment
acct_user_82655,user_82655,1,0.0,0,225,control
acct_user_66950,user_66950,1,0.0,0,959,control
acct_user_86802,user_86802,1,0.0,1,322,treatment
acct_user_59029,user_59029,1,0.0,0,707,control
acct_user_64065,user_64065,1,0.0,1,383,treatment
acct_user_82746,user_82746,1,0.0,1,502,treatment
acct_user_15593,user_15593,1,0.0,0,91,control
acct_user_53879,user_53879,1,0.0,1,249,treatment
acct_user_13544,user_13544,1,0.0,0,604,control
acct_user_33324,user_33324,1,0.0,1,185,treatment
acct_user_95570,user_95570,1,0.0,0,394,control
acct_user_68584,user_68584,1,0.0,1,632,treatment
acct_user_82828,user_82828,1,0.0,1,548,treatment
acct_user_52882,user_52882,1,0.0,0,408,control
acct_user_35021,user_35021,1,0.0,1,114,treatment
acct_user_36293,user_36293,1,0.0,0,761,control
acct_user_96378,user_96378,1,0.0,1,771,treatment
acct_user_43873,user_43873,1,0.0,1,963,treatment
acct_user_71138,user_71138,1,0.0,1,400,treatment
acct_user_10792,user_10792,1,0.0,0,178,control
acct_user_23534,user_23534,1,0.0,0,163,control
acct_user_82674,user_82674,1,0.0,0,653,control
acct_user_14641,user_14641,1,0.0,0,729,control
acct_user_19878,user_19878,1,0.0,0,281,control
acct_user_17027,user_17027,1,0.0,0,542,control
acct_user_85864,user_85864,1,0.0,1,464,treatment
acct_user_23840,user_23840,1,0.0,0,195,control
acct_user_38250,user_38250,1,0.0,1,156,treatment
acct_user_57373,user_57373,1,0.0,1,937,treatment
acct_user_95240,user_95240,1,0.0,0,392,control
acct_user_72571,user_72571,1,0.0,0,407,control
acct_user_36700,user_36700,1,0.0,0,347,control
acct_user_14999,user_14999,1,0.0,0,323,control
acct_user_45408,user_45408,1,0.0,1,473,treatment
acct_user_11345,user_11345,1,0.0,0,175,control
acct_user_77497,user_77497,1,0.0,1,927,treatment
acct_user_96536,user_96536,1,0.0,1,1607,treatment
acct_user_28076,user_28076,1,0.0,0,152,control
acct_user_32879,user_32879,1,0.0,0,608,control
acct_user_26593,user_26593,1,0.0,0,726,control
acct_user_99522,user_99522,1,0.0,1,254,treatment
acct_user_95071,user_95071,1,0.0,0,199,control
acct_user_58659,user_58659,1,0.0,0,260,control
acct_user_67382,user_67382,1,0.0,1,545,treatment
acct_user_34198,user_34198,1,0.0,1,629,treatment
acct_user_88657,user_88657,1,0.0,0,2188,control
acct_user_88079,user_88079,1,0.0,0,313,control
acct_user_31743,user_31743,1,0.0,0,179,control
acct_user_70221,user_70221,1,0.0,1,321,treatment
acct_user_93928,user_93928,1,0.0,0,1144,control
acct_user_76004,user_76004,1,0.0,1,356,treatment
acct_user_80379,user_80379,1,0.0,1,642,treatment
acct_user_29586,user_29586,1,0.0,1,211,treatment
acct_user_54681,user_54681,1,0.0,0,936,control
acct_user_25272,user_25272,1,0.0,0,630,control
acct_user_87788,user_87788,1,0.0,0,360,control
acct_user_48912,user_48912,1,0.0,0,215,control
acct_user_97901,user_97901,1,0.0,0,590,control
acct_user_68432,user_68432,1,0.0,0,460,control
acct_user_13749,user_13749,1,0.0,1,1768,treatment
acct_user_16865,user_16865,1,0.0,0,53,control
acct_user_82145,user_82145,1,0.0,1,617,treatment
acct_user_91814,user_91814,1,0.0,1,463,treatment
acct_user_76936,user_76936,1,0.0,0,46,control
acct_user_39978,user_39978,1,0.0,1,1018,treatment
acct_user_31823,user_31823,1,0.0,1,219,treatment
acct_user_49738,user_49738,1,0.0,0,141,control
acct_user_19841,user_19841,1,0.0,0,180,control
acct_user_19610,user_19610,1,0.0,0,227,control
acct_user_42552,user_42552,1,0.0,0,790,control
acct_user_24931,user_24931,1,0.0,1,382,treatment
acct_user_63958,user_63958,1,0.0,0,724,control
acct_user_39712,user_39712,1,0.0,0,1375,control
acct_user_91250,user_91250,1,0.0,1,1305,treatment
acct_user_90800,user_90800,1,0.0,1,483,treatment
acct_user_66874,user_66874,1,0.0,0,123,control
acct_user_44222,user_44222,1,0.0,0,451,control
acct_user_94822,user_94822,1,0.0,0,84,control
acct_user_68469,user_68469,1,0.0,1,520,treatment
acct_user_57826,user_57826,1,0.0,1,714,treatment
acct_user_20638,user_20638,1,0.0,0,584,control
acct_user_57820,user_57820,1,0.0,1,382,treatment
acct_user_48239,user_48239,1,0.0,1,464,treatment
acct_user_40001,user_40001,1,0.0,1,796,treatment
acct_user_61565,user_61565,1,0.0,0,311,control
acct_user_97941,user_97941,1,0.0,1,143,treatment
acct_user_30542,user_30542,1,0.0,1,320,treatment
acct_user_43503,user_43503,1,0.0,1,397,treatment
acct_user_27330,user_27330,1,0.0,1,716,treatment
acct_user_81276,user_81276,1,0.0,1,102,treatment
acct_user_83931,user_83931,1,0.0,1,472,treatment
acct_user_66607,user_66607,1,0.0,1,409,treatment
acct_user_43538,user_43538,1,0.0,0,139,control
acct_user_73179,user_73179,1,0.0,1,743,treatment
acct_user_99886,user_99886,1,0.0,0,287,control
acct_user_85190,user_85190,1,0.0,1,678,treatment
acct_user_34872,user_34872,1,0.0,0,980,control
acct_user_52504,user_52504,1,0.0,0,800,control
acct_user_38586,user_38586,1,0.0,1,409,treatment
acct_user_97993,user_97993,1,0.0,0,577,control
acct_user_58712,user_58712,1,0.0,1,401,treatment
acct_user_50794,user_50794,1,0.0,1,363,treatment
acct_user_62840,user_62840,1,0.0,1,1018,treatment
acct_user_56824,user_56824,1,0.0,1,1769,treatment
acct_user_72178,user_72178,1,0.0,1,294,treatment
acct_user_74058,user_74058,1,0.0,0,681,control
acct_user_47494,user_47494,1,0.0,1,355,treatment
acct_user_14772,user_14772,1,0.0,1,435,treatment
acct_user_44355,user_44355,1,0.0,0,1872,control
acct_user_18266,user_18266,1,0.0,0,1019,control
acct_user_19448,user_19448,1,0.0,1,423,treatment
acct_user_44905,user_44905,1,0.0,1,861,treatment
acct_user_99127,user_99127,1,0.0,1,1165,treatment
acct_user_99717,user_99717,1,0.0,0,227,control
acct_user_44579,user_44579,1,0.0,1,551,treatment
acct_user_30818,user_30818,1,0.0,0,217,control
acct_user_70442,user_70442,1,0.0,1,1045,treatment
acct_user_16485,user_16485,1,0.0,1,37,treatment
acct_user_98201,user_98201,1,0.0,1,902,treatment
acct_user_23313,user_23313,1,0.0,1,36,treatment
acct_user_86800,user_86800,1,0.0,1,361,treatment
acct_user_14431,user_14431,1,0.0,0,325,control
acct_user_62901,user_62901,1,0.0,0,127,control
acct_user_31674,user_31674,1,0.0,1,333,treatment
acct_user_87486,user_87486,1,0.0,1,126,treatment
acct_user_56886,user_56886,1,0.0,0,156,control
acct_user_77507,user_77507,1,0.0,0,591,control
acct_user_62461,user_62461,1,0.0,1,497,treatment
acct_user_23969,user_23969,1,0.0,1,233,treatment
acct_user_87890,user_87890,1,0.0,1,928,treatment
acct_user_25861,user_25861,1,0.0,0,873,control
acct_user_64988,user_64988,1,0.0,1,714,treatment
acct_user_60445,user_60445,1,0.0,0,319,control
acct_user_26337,user_26337,1,0.0,0,463,control
acct_user_76548,user_76548,1,0.0,1,792,treatment
acct_user_66774,user_66774,1,0.0,1,608,treatment
acct_user_83095,user_83095,1,0.0,0,633,control
acct_user_15456,user_15456,1,0.0,1,553,treatment
acct_user_82085,user_82085,1,0.0,1,528,treatment
acct_user_56038,user_56038,1,0.0,0,216,control
acct_user_51327,user_51327,1,0.0,0,229,control
acct_user_80858,user_80858,1,0.0,0,459,control
acct_user_20379,user_20379,1,0.0,0,616,control
acct_user_35589,user_35589,1,0.0,0,827,control
acct_user_11701,user_11701,1,0.0,0,340,control
acct_user_72573,user_72573,1,0.0,0,343,control
acct_user_47440,user_47440,1,0.0,0,27,control
acct_user_13710,user_13710,1,0.0,1,232,treatment
acct_user_58021,user_58021,1,0.0,1,499,treatment
acct_user_55117,user_55117,1,0.0,0,402,control
acct_user_53187,user_53187,1,0.0,1,582,treatment
acct_user_78367,user_78367,1,0.0,1,781,treatment
acct_user_26048,user_26048,1,0.0,0,2112,control
acct_user_89900,user_89900,1,0.0,0,345,control
acct_user_54893,user_54893,1,0.0,1,522,treatment
acct_user_34825,user_34825,1,0.0,0,55,control
acct_user_91298,user_91298,1,0.0,1,635,treatment
acct_user_16044,user_16044,1,0.0,1,216,treatment
acct_user_18254,user_18254,1,0.0,1,262,treatment
acct_user_89775,user_89775,1,0.0,1,479,treatment
acct_user_52929,user_52929,1,0.0,0,425,control
acct_user_45601,user_45601,1,0.0,0,488,control
acct_user_24737,user_24737,1,0.0,1,253,treatment
acct_user_43287,user_43287,1,0.0,1,687,treatment
acct_user_56545,user_56545,1,0.0,0,678,control
acct_user_20269,user_20269,1,0.0,1,1109,treatment
acct_user_48777,user_48777,1,0.0,1,951,treatment
acct_user_30350,user_30350,1,0.0,0,586,control
acct_user_92840,user_92840,1,0.0,1,466,treatment
acct_user_94652,user_94652,1,0.0,1,674,treatment
acct_user_12840,user_12840,1,0.0,0,611,control
acct_user_39292,user_39292,1,0.0,0,482,control
acct_user_44768,user_44768,1,0.0,1,308,treatment
acct_user_72830,user_72830,1,0.0,1,220,treatment
acct_user_87515,user_87515,1,0.0,0,188,control
acct_user_45869,user_45869,1,0.0,1,1144,treatment
acct_user_70247,user_70247,1,0.0,0,83,control
acct_user_67443,user_67443,1,0.0,0,288,control
acct_user_12609,user_12609,1,0.0,1,582,treatment
acct_user_80757,user_80757,1,0.0,0,153,control
acct_user_19905,user_19905,1,0.0,0,66,control
acct_user_51057,user_51057,1,0.0,1,415,treatment
acct_user_22743,user_22743,1,0.0,1,485,treatment
acct_user_27659,user_27659,1,0.0,0,1044,control
acct_user_79224,user_79224,1,0.0,0,2079,control
acct_user_85651,user_85651,1,0.0,1,245,treatment
acct_user_64715,user_64715,1,0.0,1,82,treatment
acct_user_52671,user_52671,1,0.0,1,1000,treatment
acct_user_71285,user_71285,1,0.0,0,1120,control
acct_user_68510,user_68510,1,0.0,1,511,treatment
acct_user_50795,user_50795,1,0.0,1,215,treatment
acct_user_29654,user_29654,1,0.0,0,605,control
acct_user_57323,user_57323,1,0.0,1,554,treatment
acct_user_70745,user_70745,1,0.0,1,146,treatment
acct_user_55644,user_55644,1,0.0,0,153,control
acct_user_22239,user_22239,1,0.0,0,231,control
acct_user_66188,user_66188,1,0.0,0,510,control
acct_user_51457,user_51457,1,0.0,0,61,control
acct_user_80543,user_80543,1,0.0,1,448,treatment
acct_user_84094,user_84094,1,0.0,1,550,treatment
acct_user_10062,user_10062,1,0.0,0,231,control
acct_user_87756,user_87756,1,0.0,1,557,treatment
acct_user_50754,user_50754,1,0.0,0,342,control
acct_user_77638,user_77638,1,0.0,0,401,control
acct_user_61492,user_61492,1,0.0,1,1474,treatment
acct_user_56146,user_56146,1,0.0,1,220,treatment
acct_user_48914,user_48914,1,0.0,0,1120,control
acct_user_84623,user_84623,1,0.0,0,282,control
acct_user_44725,user_44725,1,0.0,0,557,control
acct_user_23049,user_23049,1,0.0,0,377,control
acct_user_70972,user_70972,1,0.0,0,582,control
acct_user_60937,user_60937,1,0.0,0,321,control
acct_user_96006,user_96006,1,0.0,0,468,control
acct_user_13254,user_13254,1,0.0,1,1041,treatment
acct_user_10394,user_10394,1,0.0,1,321,treatment
acct_user_91912,user_91912,1,0.0,0,364,control
acct_user_13165,user_13165,1,0.0,0,243,control
acct_user_41203,user_41203,1,0.0,1,266,treatment
acct_user_17029,user_17029,1,0.0,1,538,treatment
acct_user_95037,user_95037,1,0.0,0,502,control
acct_user_97282,user_97282,1,0.0,1,484,treatment
acct_user_97099,user_97099,1,0.0,0,119,control
acct_user_59343,user_59343,1,0.0,1,628,treatment
acct_user_96014,user_96014,1,0.0,0,470,control
acct_user_85609,user_85609,1,0.0,1,1312,treatment
acct_user_23819,user_23819,1,0.0,1,575,treatment
acct_user_89392,user_89392,1,0.0,0,372,control
acct_user_38736,user_38736,1,0.0,0,419,control
acct_user_28814,user_28814,1,0.0,1,412,treatment
acct_user_62842,user_62842,1,0.0,1,108,treatment
acct_user_85417,user_85417,1,0.0,1,1768,treatment
acct_user_42695,user_42695,1,0.0,0,630,control
acct_user_70750,user_70750,1,0.0,1,604,treatment
acct_user_26035,user_26035,1,0.0,0,1007,control
acct_user_57658,user_57658,1,0.0,1,689,treatment
acct_user_33478,user_33478,1,0.0,0,751,control
acct_user_77978,user_77978,1,0.0,1,590,treatment
acct_user_97073,user_97073,1,0.0,0,831,control
acct_user_58782,user_58782,1,0.0,0,1048,control
acct_user_72171,user_72171,1,0.0,1,55,treatment
acct_user_84444,user_84444,1,0.0,1,935,treatment
acct_user_70287,user_70287,1,0.0,0,684,control
acct_user_75731,user_75731,1,0.0,0,580,control
acct_user_66349,user_66349,1,0.0,0,831,control
acct_user_71889,user_71889,1,0.0,1,199,treatment
acct_user_96327,user_96327,1,0.0,1,206,treatment
acct_user_10492,user_10492,1,0.0,1,602,treatment
acct_user_37986,user_37986,1,0.0,1,1074,treatment
acct_user_88384,user_88384,1,0.0,0,109,control
acct_user_57992,user_57992,1,0.0,1,784,treatment
acct_user_51269,user_51269,1,0.0,1,210,treatment
acct_user_99448,user_99448,1,0.0,0,118,control
acct_user_38983,user_38983,1,0.0,0,416,control
acct_user_82598,user_82598,1,0.0,0,349,control
acct_user_62221,user_62221,1,0.0,0,393,control
acct_user_51303,user_51303,1,0.0,1,1678,treatment
acct_user_95821,user_95821,1,0.0,0,232,control
acct_user_53808,user_53808,1,0.0,0,106,control
acct_user_87271,user_87271,1,0.0,0,848,control
acct_user_20166,user_20166,1,0.0,1,726,treatment
acct_user_20729,user_20729,1,0.0,1,314,treatment
acct_user_97882,user_97882,1,0.0,0,203,control
acct_user_55067,user_55067,1,0.0,0,276,control
acct_user_70413,user_70413,1,0.0,0,257,control
acct_user_23909,user_23909,1,0.0,0,51,control
acct_user_15002,user_15002,1,0.0,0,270,control
acct_user_77470,user_77470,1,0.0,0,308,control
acct_user_16028,user_16028,1,0.0,0,664,control
acct_user_13975,user_13975,1,0.0,1,239,treatment
acct_user_10833,user_10833,1,0.0,1,347,treatment
acct_user_46714,user_46714,1,0.0,1,218,treatment
acct_user_70507,user_70507,1,0.0,0,694,control
acct_user_80251,user_80251,1,0.0,1,377,treatment
acct_user_81483,user_81483,1,0.0,0,152,control
acct_user_50585,user_50585,1,0.0,0,511,control
acct_user_85855,user_85855,1,0.0,0,67,control
acct_user_44605,user_44605,1,0.0,1,1095,treatment
acct_user_23045,user_23045,1,0.0,0,875,control
acct_user_41250,user_41250,1,0.0,0,457,control
acct_user_19580,user_19580,1,0.0,0,411,control
acct_user_48201,user_48201,1,0.0,1,1279,treatment
acct_user_19753,user_19753,1,0.0,0,392,control
acct_user_68578,user_68578,1,0.0,1,505,treatment
acct_user_47871,user_47871,1,0.0,0,1516,control
acct_user_98192,user_98192,1,0.0,0,341,control
acct_user_93575,user_93575,1,0.0,0,571,control
acct_user_91638,user_91638,1,0.0,1,1082,treatment
acct_user_48875,user_48875,1,0.0,0,473,control
acct_user_40146,user_40146,1,0.0,0,403,control
acct_user_38045,user_38045,1,0.0,0,184,control
acct_user_86144,user_86144,1,0.0,0,355,control
acct_user_29721,user_29721,1,0.0,1,107,treatment
acct_user_67330,user_67330,1,0.0,1,249,treatment
acct_user_72762,user_72762,1,0.0,1,445,treatment
acct_user_31322,user_31322,1,0.0,0,599,control
acct_user_98212,user_98212,1,0.0,0,710,control
acct_user_92702,user_92702,1,0.0,1,422,treatment
acct_user_60915,user_60915,1,0.0,0,254,control
acct_user_32362,user_32362,1,0.0,1,392,treatment
acct_user_26948,user_26948,1,0.0,1,789,treatment
acct_user_67679,user_67679,1,0.0,1,146,treatment
acct_user_20770,user_20770,1,0.0,1,169,treatment
acct_user_94398,user_94398,1,0.0,0,534,control
acct_user_37056,user_37056,1,0.0,0,230,control
acct_user_42537,user_42537,1,0.0,1,194,treatment
acct_user_11088,user_11088,1,0.0,1,1307,treatment
acct_user_39267,user_39267,1,0.0,0,497,control
acct_user_49743,user_49743,1,0.0,0,249,control
acct_user_10424,user_10424,1,0.0,1,258,treatment
acct_user_75667,user_75667,1,0.0,0,520,control
acct_user_60303,user_60303,1,0.0,0,849,control
acct_user_57210,user_57210,1,0.0,0,1014,control
acct_user_45234,user_45234,1,0.0,1,338,treatment
acct_user_39280,user_39280,1,0.0,1,544,treatment
acct_user_15988,user_15988,1,0.0,1,769,treatment
acct_user_21552,user_21552,1,0.0,0,43,control
acct_user_64451,user_64451,1,0.0,0,261,control
acct_user_60558,user_60558,1,0.0,0,152,control
acct_user_87364,user_87364,1,0.0,0,372,control
acct_user_35504,user_35504,1,0.0,0,387,control
acct_user_83489,user_83489,1,0.0,1,239,treatment
acct_user_14371,user_14371,1,0.0,1,643,treatment
acct_user_88265,user_88265,1,0.0,0,741,control
acct_user_83348,user_83348,1,0.0,0,250,control
acct_user_47597,user_47597,1,0.0,1,330,treatment
acct_user_54377,user_54377,1,0.0,0,191,control
acct_user_73562,user_73562,1,0.0,1,985,treatment
acct_user_29973,user_29973,1,0.0,1,153,treatment
acct_user_74022,user_74022,1,0.0,0,621,control
acct_user_11850,user_11850,1,0.0,1,663,treatment
acct_user_50640,user_50640,1,0.0,0,326,control
acct_user_26955,user_26955,1,0.0,0,360,control
acct_user_74546,user_74546,1,0.0,0,842,control
acct_user_25964,user_25964,1,0.0,1,624,treatment
acct_user_63812,user_63812,1,0.0,0,507,control
acct_user_34368,user_34368,1,0.0,1,828,treatment
acct_user_64654,user_64654,1,0.0,0,457,control
acct_user_89127,user_89127,1,0.0,1,485,treatment
acct_user_28043,user_28043,1,0.0,1,383,treatment
acct_user_35259,user_35259,1,0.0,1,214,treatment
acct_user_25693,user_25693,1,0.0,0,800,control
acct_user_16675,user_16675,1,0.0,1,287,treatment
acct_user_91934,user_91934,1,0.0,0,624,control
acct_user_92233,user_92233,1,0.0,1,164,treatment
acct_user_80750,user_80750,1,0.0,0,1621,control
acct_user_75254,user_75254,1,0.0,0,885,control
acct_user_16987,user_16987,1,0.0,1,753,treatment
acct_user_44587,user_44587,1,0.0,0,359,control
acct_user_60875,user_60875,1,0.0,1,133,treatment
acct_user_50661,user_50661,1,0.0,0,90,control
acct_user_66700,user_66700,1,0.0,1,111,treatment
acct_user_95305,user_95305,1,0.0,1,620,treatment
acct_user_92479,user_92479,1,0.0,0,471,control
acct_user_72836,user_72836,1,0.0,1,500,treatment
acct_user_54721,user_54721,1,0.0,1,606,treatment
acct_user_68430,user_68430,1,0.0,1,661,treatment
acct_user_87478,user_87478,1,0.0,0,401,control
acct_user_31389,user_31389,1,0.0,1,593,treatment
acct_user_66058,user_66058,1,0.0,0,388,control
acct_user_64954,user_64954,1,0.0,1,478,treatment
acct_user_79175,user_79175,1,0.0,1,132,treatment
acct_user_42514,user_42514,1,0.0,0,346,control
acct_user_18998,user_18998,1,0.0,1,506,treatment
acct_user_85192,user_85192,1,0.0,0,670,control
acct_user_12664,user_12664,1,0.0,1,512,treatment
acct_user_87709,user_87709,1,0.0,1,327,treatment
acct_user_28243,user_28243,1,0.0,0,310,control
acct_user_13245,user_13245,1,0.0,1,733,treatment
acct_user_30191,user_30191,1,0.0,0,360,control
acct_user_17742,user_17742,1,0.0,1,1099,treatment
acct_user_23359,user_23359,1,0.0,1,244,treatment
acct_user_72023,user_72023,1,0.0,1,10,treatment
acct_user_70223,user_70223,1,0.0,0,193,control
acct_user_94276,user_94276,1,0.0,0,195,control
acct_user_56235,user_56235,1,0.0,0,283,control
acct_user_78660,user_78660,1,0.0,1,344,treatment
acct_user_96292,user_96292,1,0.0,0,391,control
acct_user_15887,user_15887,1,0.0,0,760,control
acct_user_68762,user_68762,1,0.0,1,526,treatment
acct_user_60055,user_60055,1,0.0,1,410,treatment
acct_user_46911,user_46911,1,0.0,1,721,treatment
acct_user_40141,user_40141,1,0.0,0,82,control
acct_user_76032,user_76032,1,0.0,0,285,control
acct_user_71603,user_71603,1,0.0,1,151,treatment
acct_user_47655,user_47655,1,0.0,1,327,treatment
acct_user_60684,user_60684,1,0.0,0,350,control
acct_user_19271,user_19271,1,0.0,1,413,treatment
acct_user_55751,user_55751,1,0.0,1,1387,treatment
acct_user_83968,user_83968,1,0.0,1,273,treatment
acct_user_96688,user_96688,1,0.0,1,350,treatment
acct_user_78257,user_78257,1,0.0,0,394,control
acct_user_52645,user_52645,1,0.0,0,584,control
acct_user_47833,user_47833,1,0.0,1,766,treatment
acct_user_90606,user_90606,1,0.0,1,950,treatment
acct_user_16610,user_16610,1,0.0,0,521,control
acct_user_37074,user_37074,1,0.0,0,381,control
acct_user_43542,user_43542,1,0.0,1,439,treatment
acct_user_40895,user_40895,1,0.0,1,408,treatment
acct_user_55260,user_55260,1,0.0,1,616,treatment
acct_user_88165,user_88165,1,0.0,1,252,treatment
acct_user_95421,user_95421,1,0.0,1,114,treatment
acct_user_60932,user_60932,1,0.0,0,843,control
acct_user_50341,user_50341,1,0.0,1,975,treatment
acct_user_62020,user_62020,1,0.0,1,590,treatment
acct_user_70528,user_70528,1,0.0,0,173,control
acct_user_11299,user_11299,1,0.0,0,136,control
acct_user_33908,user_33908,1,0.0,0,504,control
acct_user_69414,user_69414,1,0.0,0,72,control
acct_user_19334,user_19334,1,0.0,0,279,control
acct_user_73866,user_73866,1,0.0,1,1744,treatment
acct_user_23215,user_23215,1,0.0,0,138,control
acct_user_46070,user_46070,1,0.0,1,195,treatment
acct_user_53313,user_53313,1,0.0,0,445,control
acct_user_79634,user_79634,1,0.0,1,1859,treatment
acct_user_66238,user_66238,1,0.0,0,444,control
acct_user_47396,user_47396,1,0.0,1,785,treatment
acct_user_55279,user_55279,1,0.0,1,526,treatment
acct_user_53052,user_53052,1,0.0,0,581,control
acct_user_85642,user_85642,1,0.0,0,956,control
acct_user_17051,user_17051,1,0.0,0,370,control
acct_user_39095,user_39095,1,0.0,0,724,control
acct_user_39573,user_39573,1,0.0,1,1371,treatment
acct_user_19337,user_19337,1,0.0,0,463,control
acct_user_11417,user_11417,1,0.0,1,386,treatment
acct_user_34926,user_34926,1,0.0,0,80,control
acct_user_91116,user_91116,1,0.0,0,625,control
acct_user_80315,user_80315,1,0.0,1,67,treatment
acct_user_38877,user_38877,1,0.0,0,323,control
acct_user_78077,user_78077,1,0.0,0,554,control
acct_user_20043,user_20043,1,0.0,1,702,treatment
acct_user_33009,user_33009,1,0.0,1,372,treatment
acct_user_75244,user_75244,1,0.0,1,100,treatment
acct_user_50473,user_50473,1,0.0,1,104,treatment
acct_user_86680,user_86680,1,0.0,1,875,treatment
acct_user_56862,user_56862,1,0.0,0,332,control
acct_user_38300,user_38300,1,0.0,1,852,treatment
acct_user_60794,user_60794,1,0.0,0,1218,control
acct_user_45429,user_45429,1,0.0,0,39,control
acct_user_31649,user_31649,1,0.0,0,507,control
acct_user_33564,user_33564,1,0.0,0,346,control
acct_user_51960,user_51960,1,0.0,0,165,control
acct_user_57029,user_57029,1,0.0,1,131,treatment
acct_user_44499,user_44499,1,0.0,1,646,treatment
acct_user_92832,user_92832,1,0.0,1,261,treatment
acct_user_37447,user_37447,1,0.0,1,545,treatment
acct_user_45724,user_45724,1,0.0,1,832,treatment
acct_user_13500,user_13500,1,0.0,0,750,control
acct_user_52600,user_52600,1,0.0,0,280,control
acct_user_59232,user_59232,1,0.0,1,503,treatment
acct_user_73123,user_73123,1,0.0,0,883,control
acct_user_38136,user_38136,1,0.0,0,323,control
acct_user_71871,user_71871,1,0.0,1,319,treatment
acct_user_30853,user_30853,1,0.0,0,268,control
acct_user_13057,user_13057,1,0.0,0,284,control
acct_user_81846,user_81846,1,0.0,0,1444,control
acct_user_38846,user_38846,1,0.0,0,924,control
acct_user_23149,user_23149,1,0.0,0,433,control
acct_user_91956,user_91956,1,0.0,1,360,treatment
acct_user_59040,user_59040,1,0.0,1,849,treatment
acct_user_47368,user_47368,1,0.0,1,568,treatment
acct_user_24212,user_24212,1,0.0,1,629,treatment
acct_user_74055,user_74055,1,0.0,0,339,control
acct_user_31814,user_31814,1,0.0,0,364,control
acct_user_60952,user_60952,1,0.0,0,254,control
acct_user_38130,user_38130,1,0.0,1,306,treatment
acct_user_84960,user_84960,1,0.0,0,260,control
acct_user_96691,user_96691,1,0.0,1,1096,treatment
acct_user_54395,user_54395,1,0.0,1,467,treatment
acct_user_17376,user_17376,1,0.0,0,315,control
acct_user_67780,user_67780,1,0.0,0,843,control
acct_user_47515,user_47515,1,0.0,1,879,treatment
acct_user_92375,user_92375,1,0.0,1,370,treatment
acct_user_63771,user_63771,1,0.0,1,629,treatment
acct_user_71448,user_71448,1,0.0,0,418,control
acct_user_58676,user_58676,1,0.0,1,305,treatment
acct_user_81987,user_81987,1,0.0,1,505,treatment
acct_user_52203,user_52203,1,0.0,0,24,control
acct_user_67441,user_67441,1,0.0,1,837,treatment
acct_user_30764,user_30764,1,0.0,1,175,treatment
acct_user_76115,user_76115,1,0.0,1,227,treatment
acct_user_70444,user_70444,1,0.0,1,900,treatment
acct_user_57257,user_57257,1,0.0,1,525,treatment
acct_user_25728,user_25728,1,0.0,0,447,control
acct_user_63011,user_63011,1,0.0,1,92,treatment
acct_user_64664,user_64664,1,0.0,0,364,control
