hashtag,accounts_using,total_uses
#portrait,178,179
#digitalart,155,156
#nsfw,143,143
#artistsontwitter,142,142
#photography,134,141
#syntheticmedia,135,135
#grokimage,128,135
#grokai,126,130
#aigenerated,124,124
#aiart,124,124
#deepfakeai,112,112
#grok,4,14
#art,10,14
#illustration,9,13
#streetphotography,9,10
#grokvideo,1,7
#ai,6,7
#artist,3,6
#ポートレート,4,5
#artmoots,4,4
#portfolio,1,4
#aiartist,3,3
#chatgpt,1,3
#aiart️️️️️️️️️️️️️️️️️️️️️️️️️️️️️️️️️️️️️️️️️️️️️️️️️️️,1,3
#drawing,3,3
#fanart,2,2
#doublecherryblossoms,1,2
#nightcafe,2,2
#artshare,1,2
#cartoon,1,2
#artwork,2,2
#ポートレート好きな人と繋がりたい,1,2
#draw,2,2
#被写体,1,2
#aiartcommunity,2,2
#viral,2,2
#aiイラスト,2,2
#belgium,1,2
#lofistreet,1,2
#trending,2,2
#monochrome,1,2
#gent,1,2
#cats,1,1
#ibspaint,1,1
#doodle,1,1
#tattoo,1,1
#drexeluniversity,1,1
#nsfwart,1,1
#aivideo,1,1
#aibeauty,1,1
#supporthumanartists,1,1
#entertainment,1,1
#birthday,1,1
#cartoonart,1,1
#artcartoon,1,1
#smallartist,1,1
#artbirthdayparty,1,1
#red,1,1
#animation,1,1
#cat,1,1
#mediatrends,1,1
#ocart,1,1
#イルミネーション,1,1
#affinity,1,1
#affinitydesigner,1,1
#鯉のぼり,1,1
#aiillustration,1,1
#vectorart,1,1
#broadcastingfuture,1,1
#reels,1,1
#oc,1,1
#zelda,1,1
#ive,1,1
#wonyoung,1,1
#장원영,1,1
#aiartwork,1,1
#reviewai,1,1
#artblock,1,1
#artvsartist2026,1,1
#温泉地,1,1
#earnwithai,1,1
#microwavecomputerinstitute,1,1
#khanna,1,1
#enhanceai,1,1
#aiforbusiness,1,1
#aimarketing,1,1
#contentcreation,1,1
#helios442,1,1
#aigirl,1,1
#navel,1,1
#おへそ,1,1
#blackandwhiteart,1,1
#mdart,1,1
#lyria,1,1
#veo,1,1
#gemini,1,1
#inshot,1,1
#flowers,1,1
#camellia,1,1
#onlineextremism,1,1
#genderbasedviolence,1,1
#aiabuse,1,1
#digitalskills,1,1
#aimoney,1,1
#河川敷,1,1
#painting,1,1
#deepfakes,1,1
#mediapsychology,1,1
#misinformation,1,1
#artistontwitter,1,1
#artofarcane,1,1
#artpakpoom,1,1
#arttwt,1,1
#arte,1,1
#artworkทึเม,1,1
#kunst,1,1
#icip2026,1,1
#artsummary2026,1,1
#virtualartist,1,1
#msaidesign,1,1
#street,1,1
#blackandwhite,1,1
#paris,1,1
#pascalcolin,1,1
#canon,1,1
#50mm,1,1
#timeflw,1,1
#utiacas,1,1
#press,1,1
#multimediaforensics,1,1
#forensicai,1,1
#mydigitalart,1,1
#darkart,1,1
#darkbeauty,1,1
#aifilmmaker,1,1
#aipolitics,1,1
#electioncommission,1,1
#airegulation,1,1
#psychology,1,1
#adoptablecharacter,1,1
#dndcharacter,1,1
#dnd,1,1
#characterdesign,1,1
#adopt,1,1
#elonmusk,1,1
#artificialintelligence,1,1
#technews,1,1
#appleappstore,1,1
#aideepfake,1,1
#futureofai,1,1
#aiinfussion,1,1
#gothsurrealism,1,1
#grokart,1,1
#photoshop,1,1
#noai,1,1
#curiosity,1,1
#trump,1,1
#deepfake,1,1
#funny,1,1
#trumpfunny,1,1
#politicalhumor,1,1
#shorts,1,1
#postiqlab,1,1
#eckharttolle,1,1
#lettinggo,1,1
#mindfulness,1,1
#eldenring,1,1
#aitools,1,1
#fyp,1,1
#explorepage,1,1
#futuretech,1,1
#aivibes,1,1
#chinese,1,1
#streetart,1,1
#urbanart,1,1
#artinpublic,1,1
#digitalcreation,1,1
#dalle3,1,1
#pixvibe,1,1
#hacerfotos,1,1
#deepfakefraud,1,1
#digitalforensics,1,1
#biomet,1,1
#lexmorte2026,1,1
#sketch,1,1
#editorial,1,1
#design,1,1
#retropresent,1,1
#nostalgiarejected,1,1
#dessin,1,1
#scamwatch,1,1
#fish,1,1
#friday,1,1
#inkdrawing,1,1
#artgallery,1,1
#animaldrawing,1,1
#artistsonx,1,1
#vgencomm,1,1
#animeart,1,1
#artcommunity,1,1
#cryptotips,1,1
#nftsecurity,1,1
#aiphotoshoot,1,1
#grokimagine,1,1
#creativeportraits,1,1
#selfietransformation,1,1
#aiphotoeditor,1,1
#generativeai,1,1
#videoapi,1,1
#路上写真,1,1
#視線ノ化石,1,1
#meettheartist,1,1
#xai,1,1
#urbanframes,1,1
#surraioriginal,1,1
#streetphotographersfnd,1,1
#canonindonesia,1,1
#bandungstreetphotography,1,1
#dystopian,1,1
#postapocalyptic,1,1
#aicontent,1,1
#ugc,1,1
#aiugc,1,1
#phygital,1,1
#extremismresearch,1,1
