post_id,post_url,author_id,author_username,author_followers,author_following,author_created,author_account_age_days,author_verified,author_tweet_count,text,created_at,lang,has_media,media_types,media_urls,is_reply,is_retweet,is_quote,possibly_sensitive,likes,retweets,replies,views,bookmarks,quotes,hashtags,content_type,ai_generated,is_synthetic,hour_of_day,engagement_total,engagement_rate
syn_treatment_000013,,syn_user_385169,synuser_16056,690,282,,2421,False,3795,[synthetic] treatment post #13,2026-02-18 00:00:00,en,False,photo,,False,False,False,False,1,0,0,16,0,0,"syntheticmedia,aiart",treatment,1.0,True,18,1,0.0625
syn_treatment_000016,,syn_user_272813,synuser_99573,659,864,,2284,False,4550,[synthetic] treatment post #16,2025-11-16 00:00:00,en,False,photo,,False,False,False,True,0,0,0,19,0,0,deepfakeai,treatment,1.0,True,19,0,0.0
syn_treatment_000296,,syn_user_889160,synuser_24999,485,1165,,954,False,2858,[synthetic] treatment post #296,2025-12-27 00:00:00,en,True,photo,,False,False,False,False,3,0,0,24,0,0,"syntheticmedia,grokimage,aigenerated",treatment,1.0,True,9,3,0.125
syn_treatment_000015,,syn_user_666277,synuser_46251,473,1589,,3610,False,9651,[synthetic] treatment post #15,2026-01-24 00:00:00,en,False,photo,,False,False,True,False,9,0,0,28,0,0,"deepfakeai,syntheticmedia,grokai",treatment,1.0,True,4,9,0.32142857142857145
syn_treatment_000236,,syn_user_655969,synuser_67713,1008,1858,,2558,False,4654,[synthetic] treatment post #236,2026-03-20 00:00:00,en,True,,,False,False,False,False,14,0,0,34,0,0,"deepfakeai,syntheticmedia,grokimage",treatment,1.0,True,10,14,0.4117647058823529
syn_treatment_000017,,syn_user_637970,synuser_33452,844,1121,,2947,False,6934,[synthetic] treatment post #17,2026-01-15 00:00:00,en,True,,,False,False,False,True,0,0,0,9,0,0,"grokai,deepfakeai,syntheticmedia",treatment,1.0,True,22,0,0.0
syn_treatment_000277,,syn_user_444439,synuser_88242,1073,1747,,235,False,8849,[synthetic] treatment post #277,2025-12-29 00:00:00,en,True,photo,,False,False,False,True,0,0,0,19,0,0,"deepfakeai,grokai,grokimage",treatment,1.0,True,13,0,0.0
syn_treatment_000345,,syn_user_602632,synuser_13316,930,1774,,2084,False,6556,[synthetic] treatment post #345,2026-02-08 00:00:00,en,True,photo,,False,False,False,True,12,0,0,30,0,0,"syntheticmedia,grokai",treatment,1.0,True,12,12,0.4
syn_treatment_000194,,syn_user_455164,synuser_30859,642,921,,30,False,9543,[synthetic] treatment post #194,2026-01-10 00:00:00,en,True,video,,False,False,False,False,0,0,0,22,0,0,"aigenerated,syntheticmedia,deepfakeai",treatment,1.0,True,2,0,0.0
syn_treatment_000327,,syn_user_741591,synuser_35654,446,797,,1118,False,3633,[synthetic] treatment post #327,2026-01-22 00:00:00,en,True,photo,,True,False,False,True,3,0,0,36,0,0,"grokai,aiart",treatment,1.0,True,6,3,0.08333333333333333
syn_treatment_000310,,syn_user_986022,synuser_35748,621,1404,,1123,False,7957,[synthetic] treatment post #310,2025-12-16 00:00:00,en,False,,,False,False,False,False,0,0,0,24,0,0,grokai,treatment,1.0,True,4,0,0.0
syn_treatment_000210,,syn_user_892797,synuser_79311,633,379,,1520,False,7373,[synthetic] treatment post #210,2025-11-16 00:00:00,en,True,photo,,False,False,False,False,0,0,0,37,0,0,aiart,treatment,1.0,True,15,0,0.0
syn_treatment_000165,,syn_user_253482,synuser_89558,834,990,,1714,False,6132,[synthetic] treatment post #165,2025-12-07 00:00:00,en,True,,,False,False,True,True,0,0,0,19,0,0,syntheticmedia,treatment,1.0,True,15,0,0.0
syn_treatment_000028,,syn_user_786865,synuser_72253,1102,309,,2642,False,8545,[synthetic] treatment post #28,2025-11-13 00:00:00,en,True,photo,,False,False,True,False,12,0,0,30,0,0,"aiart,grokimage",treatment,1.0,True,6,12,0.4
syn_treatment_000333,,syn_user_866795,synuser_38266,840,1124,,3960,False,5976,[synthetic] treatment post #333,2026-01-03 00:00:00,en,True,video,,False,False,False,False,0,0,0,34,0,0,"grokimage,aigenerated",treatment,1.0,True,14,0,0.0
syn_treatment_000348,,syn_user_126191,synuser_61638,648,1353,,1273,False,2843,[synthetic] treatment post #348,2026-01-03 00:00:00,en,False,,,False,False,False,False,14,0,0,19,0,0,deepfakeai,treatment,1.0,True,16,14,0.7368421052631579
syn_treatment_000089,,syn_user_403545,synuser_57139,671,601,,2283,False,3182,[synthetic] treatment post #89,2026-01-21 00:00:00,en,True,video,,True,False,False,False,1,0,0,16,0,0,syntheticmedia,treatment,1.0,True,22,1,0.0625
syn_treatment_000200,,syn_user_459750,synuser_58106,1142,743,,2770,False,392,[synthetic] treatment post #200,2026-03-01 00:00:00,en,True,,,False,False,False,False,2,0,0,18,0,0,"deepfakeai,syntheticmedia",treatment,1.0,True,12,2,0.1111111111111111
syn_treatment_000124,,syn_user_201955,synuser_95786,600,807,,2324,False,9243,[synthetic] treatment post #124,2026-03-02 00:00:00,en,True,photo,,True,False,False,False,0,0,0,19,0,0,deepfakeai,treatment,1.0,True,13,0,0.0
syn_treatment_000273,,syn_user_825879,synuser_38024,458,1446,,2072,False,9005,[synthetic] treatment post #273,2026-03-06 00:00:00,en,True,photo,,False,False,False,False,1,0,0,21,0,0,syntheticmedia,treatment,1.0,True,3,1,0.047619047619047616
syn_treatment_000373,,syn_user_938542,synuser_26578,915,626,,2447,False,1616,[synthetic] treatment post #373,2025-11-17 00:00:00,en,True,video,,False,False,False,False,0,0,0,28,0,0,aiart,treatment,1.0,True,9,0,0.0
syn_treatment_000215,,syn_user_781074,synuser_92217,583,1591,,1614,False,3603,[synthetic] treatment post #215,2026-04-09 00:00:00,en,True,,,False,False,False,False,9,0,0,37,0,0,"deepfakeai,grokimage",treatment,1.0,True,19,9,0.24324324324324326
syn_treatment_000059,,syn_user_148461,synuser_13647,525,1172,,1852,False,3400,[synthetic] treatment post #59,2026-04-08 00:00:00,en,True,photo,,False,False,False,False,7,0,0,28,0,0,grokai,treatment,1.0,True,19,7,0.25
syn_treatment_000244,,syn_user_853147,synuser_28906,882,196,,2136,True,3586,[synthetic] treatment post #244,2026-01-08 00:00:00,en,True,video,,False,False,False,False,0,0,0,31,0,0,"aiart,grokai,grokimage",treatment,1.0,True,18,0,0.0
syn_treatment_000286,,syn_user_678859,synuser_75464,690,1105,,30,False,6750,[synthetic] treatment post #286,2025-11-28 00:00:00,en,True,photo,,False,False,False,True,3,0,0,18,0,0,"aiart,deepfakeai,grokai",treatment,1.0,True,22,3,0.16666666666666666
syn_treatment_000318,,syn_user_539409,synuser_97151,664,705,,3282,False,7736,[synthetic] treatment post #318,2026-03-28 00:00:00,en,True,photo,,False,False,False,False,7,0,0,22,0,0,"deepfakeai,aigenerated",treatment,1.0,True,1,7,0.3181818181818182
syn_treatment_000396,,syn_user_424499,synuser_15647,533,1095,,2521,False,8149,[synthetic] treatment post #396,2026-02-26 00:00:00,en,False,photo,,False,False,False,False,2,0,0,10,0,0,syntheticmedia,treatment,1.0,True,16,2,0.2
syn_treatment_000283,,syn_user_686668,synuser_39431,846,88,,30,False,4287,[synthetic] treatment post #283,2026-02-08 00:00:00,en,True,photo,,False,False,False,False,3,0,0,33,0,0,"syntheticmedia,aiart,grokai",treatment,1.0,True,17,3,0.09090909090909091
syn_treatment_000148,,syn_user_579441,synuser_36326,703,572,,3865,False,1863,[synthetic] treatment post #148,2026-02-05 00:00:00,en,True,,,False,False,False,False,0,0,0,27,0,0,"grokai,grokimage",treatment,1.0,True,22,0,0.0
syn_treatment_000118,,syn_user_825631,synuser_57595,550,977,,2875,False,2564,[synthetic] treatment post #118,2025-12-10 00:00:00,en,True,photo,,False,False,False,False,4,0,0,21,0,0,"syntheticmedia,grokimage",treatment,1.0,True,1,4,0.19047619047619047
syn_treatment_000256,,syn_user_958652,synuser_12712,544,756,,2038,False,3794,[synthetic] treatment post #256,2025-12-15 00:00:00,en,False,photo,,False,False,False,False,6,0,0,24,0,0,grokimage,treatment,1.0,True,18,6,0.25
syn_treatment_000181,,syn_user_484313,synuser_92161,803,1573,,2963,False,5891,[synthetic] treatment post #181,2026-02-17 00:00:00,en,True,photo,,False,False,True,False,9,0,0,33,0,0,"grokimage,aiart",treatment,1.0,True,3,9,0.2727272727272727
syn_treatment_000372,,syn_user_119042,synuser_47867,554,220,,30,False,4889,[synthetic] treatment post #372,2026-02-20 00:00:00,en,True,photo,,False,False,False,True,16,0,0,21,0,0,aigenerated,treatment,1.0,True,22,16,0.7619047619047619
syn_treatment_000307,,syn_user_699027,synuser_89706,746,219,,30,False,5577,[synthetic] treatment post #307,2026-03-01 00:00:00,en,False,photo,,False,False,False,False,0,0,0,40,0,0,"grokimage,grokai,aigenerated",treatment,1.0,True,21,0,0.0
syn_treatment_000036,,syn_user_880549,synuser_65349,960,938,,654,False,570,[synthetic] treatment post #36,2026-01-24 00:00:00,en,True,photo,,False,False,False,False,4,0,0,15,0,0,grokimage,treatment,1.0,True,8,4,0.26666666666666666
syn_treatment_000142,,syn_user_536628,synuser_97546,523,714,,2391,True,449,[synthetic] treatment post #142,2026-01-05 00:00:00,en,True,,,False,False,False,False,3,1,0,39,0,0,aiart,treatment,1.0,True,11,4,0.10256410256410256
syn_treatment_000149,,syn_user_432228,synuser_86806,710,865,,3448,False,5816,[synthetic] treatment post #149,2026-02-27 00:00:00,en,True,photo,,True,False,False,True,0,0,0,28,0,0,"grokimage,aigenerated,syntheticmedia",treatment,1.0,True,21,0,0.0
syn_treatment_000315,,syn_user_709096,synuser_91154,945,1924,,3820,False,3063,[synthetic] treatment post #315,2026-02-27 00:00:00,en,False,photo,,False,False,False,False,2,0,0,19,0,0,deepfakeai,treatment,1.0,True,10,2,0.10526315789473684
syn_treatment_000378,,syn_user_692392,synuser_85171,730,1338,,506,False,5776,[synthetic] treatment post #378,2026-03-23 00:00:00,en,True,video,,False,False,False,False,0,0,0,24,0,0,"aiart,grokimage,aigenerated",treatment,1.0,True,13,0,0.0
syn_treatment_000087,,syn_user_981795,synuser_27832,803,435,,383,False,5784,[synthetic] treatment post #87,2026-04-06 00:00:00,en,False,video,,True,False,False,False,12,0,0,27,0,0,deepfakeai,treatment,1.0,True,6,12,0.4444444444444444
syn_treatment_000022,,syn_user_613336,synuser_60707,590,1023,,2161,False,9843,[synthetic] treatment post #22,2025-12-11 00:00:00,en,True,video,,False,False,False,True,6,0,0,25,0,0,"syntheticmedia,deepfakeai,aigenerated",treatment,1.0,True,11,6,0.24
syn_treatment_000027,,syn_user_331886,synuser_34377,536,77,,655,False,5010,[synthetic] treatment post #27,2025-12-25 00:00:00,en,True,photo,,False,False,False,True,8,0,0,28,0,0,"aigenerated,grokai",treatment,1.0,True,22,8,0.2857142857142857
syn_treatment_000225,,syn_user_531859,synuser_43154,737,1896,,2297,False,5359,[synthetic] treatment post #225,2026-02-12 00:00:00,en,False,photo,,False,False,False,False,6,0,0,28,0,0,grokai,treatment,1.0,True,8,6,0.21428571428571427
syn_treatment_000311,,syn_user_480114,synuser_69216,769,138,,4150,False,1714,[synthetic] treatment post #311,2026-02-25 00:00:00,en,True,photo,,False,False,False,False,0,0,0,19,0,0,"grokai,aiart",treatment,1.0,True,19,0,0.0
syn_treatment_000046,,syn_user_180392,synuser_41338,1053,744,,2705,False,6418,[synthetic] treatment post #46,2025-12-24 00:00:00,en,True,photo,,False,False,False,False,0,0,0,30,0,0,syntheticmedia,treatment,1.0,True,0,0,0.0
syn_treatment_000231,,syn_user_792130,synuser_23000,696,260,,787,False,1505,[synthetic] treatment post #231,2025-12-06 00:00:00,en,True,,,False,False,False,False,0,0,0,25,0,0,aiart,treatment,1.0,True,23,0,0.0
syn_treatment_000343,,syn_user_640801,synuser_21707,604,63,,2308,False,9044,[synthetic] treatment post #343,2026-03-29 00:00:00,en,True,,,False,False,False,False,7,0,0,24,0,0,"grokimage,deepfakeai",treatment,1.0,True,2,7,0.2916666666666667
syn_treatment_000004,,syn_user_663599,synuser_50189,459,1110,,30,False,782,[synthetic] treatment post #4,2025-12-17 00:00:00,en,True,video,,False,False,False,True,0,0,0,37,0,0,"syntheticmedia,aiart",treatment,1.0,True,16,0,0.0
syn_treatment_000105,,syn_user_100859,synuser_37269,1127,1673,,2430,False,9671,[synthetic] treatment post #105,2026-01-22 00:00:00,en,True,,,False,False,False,False,0,0,0,27,0,0,"deepfakeai,aiart,aigenerated",treatment,1.0,True,14,0,0.0
syn_treatment_000382,,syn_user_517492,synuser_91745,684,838,,1628,False,3957,[synthetic] treatment post #382,2026-03-16 00:00:00,en,True,photo,,False,False,False,False,4,0,0,19,0,0,"deepfakeai,grokai,aiart",treatment,1.0,True,3,4,0.21052631578947367
syn_treatment_000047,,syn_user_911415,synuser_40951,644,546,,915,True,8043,[synthetic] treatment post #47,2026-02-19 00:00:00,en,True,photo,,False,False,True,False,1,0,0,19,0,0,"deepfakeai,grokai",treatment,1.0,True,21,1,0.05263157894736842
syn_treatment_000070,,syn_user_456376,synuser_98119,686,362,,870,False,6053,[synthetic] treatment post #70,2025-11-18 00:00:00,en,True,photo,,False,False,False,False,5,0,0,33,0,0,"aiart,syntheticmedia,grokai",treatment,1.0,True,2,5,0.15151515151515152
syn_treatment_000026,,syn_user_164450,synuser_52853,571,440,,2902,False,218,[synthetic] treatment post #26,2026-03-12 00:00:00,en,True,video,,True,False,False,False,0,0,0,27,0,0,"aiart,grokimage,deepfakeai",treatment,1.0,True,19,0,0.0
syn_treatment_000154,,syn_user_167115,synuser_65028,566,603,,1578,False,7949,[synthetic] treatment post #154,2025-11-05 00:00:00,en,True,photo,,False,False,False,False,0,0,0,19,0,0,"syntheticmedia,aiart,deepfakeai",treatment,1.0,True,0,0,0.0
syn_treatment_000302,,syn_user_491375,synuser_67113,632,1805,,791,False,2171,[synthetic] treatment post #302,2025-11-09 00:00:00,en,True,,,False,False,False,False,4,0,0,13,0,0,"aiart,grokimage",treatment,1.0,True,23,4,0.3076923076923077
syn_treatment_000158,,syn_user_901526,synuser_45478,398,1268,,2943,True,2924,[synthetic] treatment post #158,2025-12-01 00:00:00,en,False,video,,False,False,False,False,0,0,0,21,0,0,"grokai,aiart,grokimage",treatment,1.0,True,9,0,0.0
syn_treatment_000317,,syn_user_222372,synuser_67813,704,1039,,2017,False,2155,[synthetic] treatment post #317,2026-04-01 00:00:00,en,True,photo,,False,False,False,True,9,0,0,43,0,0,"grokai,aigenerated,aiart",treatment,1.0,True,13,9,0.20930232558139536
syn_treatment_000375,,syn_user_475673,synuser_18232,709,1773,,4872,False,8143,[synthetic] treatment post #375,2026-02-03 00:00:00,en,True,,,False,False,False,False,0,0,0,42,0,0,"aiart,syntheticmedia",treatment,1.0,True,16,0,0.0
syn_treatment_000034,,syn_user_237626,synuser_37595,918,1914,,4128,False,1580,[synthetic] treatment post #34,2025-12-04 00:00:00,en,True,video,,False,False,False,False,0,0,0,21,0,0,"aiart,deepfakeai,grokimage",treatment,1.0,True,2,0,0.0
syn_treatment_000060,,syn_user_328203,synuser_90717,882,1816,,30,False,2946,[synthetic] treatment post #60,2026-02-22 00:00:00,en,True,video,,False,False,False,False,4,0,0,19,0,0,grokimage,treatment,1.0,True,9,4,0.21052631578947367
syn_treatment_000159,,syn_user_226324,synuser_91722,517,1623,,1007,False,2429,[synthetic] treatment post #159,2025-12-25 00:00:00,en,True,photo,,True,False,True,False,0,0,0,15,0,0,"grokai,grokimage",treatment,1.0,True,7,0,0.0
syn_treatment_000185,,syn_user_698806,synuser_87401,816,395,,3219,True,343,[synthetic] treatment post #185,2026-02-22 00:00:00,en,True,video,,False,False,False,False,4,0,0,21,0,0,syntheticmedia,treatment,1.0,True,10,4,0.19047619047619047
syn_treatment_000266,,syn_user_607145,synuser_60262,689,1417,,3081,False,1545,[synthetic] treatment post #266,2025-12-10 00:00:00,en,False,,,False,False,False,False,0,0,0,13,0,0,"deepfakeai,aigenerated,grokai",treatment,1.0,True,15,0,0.0
syn_treatment_000338,,syn_user_414908,synuser_76158,768,578,,3189,False,127,[synthetic] treatment post #338,2026-04-03 00:00:00,en,False,video,,False,False,False,True,0,0,0,25,0,0,"syntheticmedia,aiart,aigenerated",treatment,1.0,True,23,0,0.0
syn_treatment_000068,,syn_user_631485,synuser_94758,591,1467,,2652,False,6880,[synthetic] treatment post #68,2025-11-14 00:00:00,en,True,video,,False,False,False,False,14,0,0,33,0,0,grokimage,treatment,1.0,True,2,14,0.42424242424242425
syn_treatment_000160,,syn_user_950134,synuser_90741,656,1708,,1018,False,7412,[synthetic] treatment post #160,2026-02-09 00:00:00,en,True,,,False,False,False,False,3,0,0,22,0,0,"grokai,deepfakeai,aiart",treatment,1.0,True,21,3,0.13636363636363635
syn_treatment_000204,,syn_user_783218,synuser_24406,872,1080,,30,False,1275,[synthetic] treatment post #204,2026-04-11 00:00:00,en,True,,,False,False,False,True,0,0,0,19,0,0,syntheticmedia,treatment,1.0,True,14,0,0.0
syn_treatment_000216,,syn_user_251603,synuser_41330,549,823,,1061,False,7923,[synthetic] treatment post #216,2026-03-29 00:00:00,en,True,video,,False,False,False,True,0,0,0,40,0,0,grokimage,treatment,1.0,True,21,0,0.0
syn_treatment_000246,,syn_user_827091,synuser_77614,634,1161,,1103,False,7028,[synthetic] treatment post #246,2026-03-11 00:00:00,en,True,,,True,False,False,False,6,0,0,19,0,0,"aigenerated,aiart",treatment,1.0,True,17,6,0.3157894736842105
syn_treatment_000031,,syn_user_566768,synuser_54343,1239,1489,,3538,False,4130,[synthetic] treatment post #31,2026-02-06 00:00:00,en,False,photo,,False,False,False,False,12,0,0,46,0,0,"deepfakeai,grokai,aigenerated",treatment,1.0,True,20,12,0.2608695652173913
syn_treatment_000252,,syn_user_817679,synuser_40667,481,1968,,644,False,5009,[synthetic] treatment post #252,2025-11-13 00:00:00,en,True,photo,,False,False,False,True,5,0,0,21,0,0,deepfakeai,treatment,1.0,True,5,5,0.23809523809523808
syn_treatment_000264,,syn_user_938355,synuser_30776,594,302,,1828,False,9440,[synthetic] treatment post #264,2026-01-12 00:00:00,en,True,photo,,False,False,False,False,0,0,0,19,0,0,grokimage,treatment,1.0,True,13,0,0.0
syn_treatment_000359,,syn_user_959071,synuser_22713,651,677,,2397,False,2570,[synthetic] treatment post #359,2026-01-31 00:00:00,en,False,photo,,False,False,False,False,0,0,0,42,0,0,"grokimage,syntheticmedia",treatment,1.0,True,5,0,0.0
syn_treatment_000161,,syn_user_625619,synuser_74055,781,271,,3579,False,8417,[synthetic] treatment post #161,2025-12-06 00:00:00,en,False,video,,False,False,False,False,0,0,0,25,0,0,grokimage,treatment,1.0,True,17,0,0.0
syn_treatment_000168,,syn_user_162751,synuser_93759,655,1494,,4879,False,7000,[synthetic] treatment post #168,2026-01-01 00:00:00,en,True,video,,False,False,False,False,0,0,0,21,0,0,grokimage,treatment,1.0,True,4,0,0.0
syn_treatment_000051,,syn_user_575716,synuser_98397,571,1054,,947,False,4839,[synthetic] treatment post #51,2026-01-03 00:00:00,en,True,,,False,False,False,False,0,0,0,21,0,0,syntheticmedia,treatment,1.0,True,0,0,0.0
syn_treatment_000276,,syn_user_627581,synuser_85027,1030,142,,3214,False,7201,[synthetic] treatment post #276,2026-04-04 00:00:00,en,True,video,,False,False,False,True,0,0,0,31,0,0,"aiart,aigenerated",treatment,1.0,True,5,0,0.0
syn_treatment_000214,,syn_user_757796,synuser_25958,756,163,,2219,False,6563,[synthetic] treatment post #214,2026-03-02 00:00:00,en,True,photo,,False,False,False,True,9,0,0,25,0,0,"grokimage,deepfakeai",treatment,1.0,True,12,9,0.36
syn_treatment_000279,,syn_user_721022,synuser_97373,791,1361,,1876,False,519,[synthetic] treatment post #279,2026-02-18 00:00:00,en,False,,,False,False,False,False,1,0,0,36,0,0,syntheticmedia,treatment,1.0,True,8,1,0.027777777777777776
syn_treatment_000292,,syn_user_295884,synuser_83575,657,619,,2462,False,783,[synthetic] treatment post #292,2026-01-31 00:00:00,en,True,video,,False,False,True,True,1,0,0,18,0,0,"grokimage,syntheticmedia,deepfakeai",treatment,1.0,True,22,1,0.05555555555555555
syn_treatment_000344,,syn_user_288825,synuser_17346,587,667,,4565,False,9689,[synthetic] treatment post #344,2026-04-14 00:00:00,en,False,photo,,False,False,False,True,3,0,0,22,0,0,"deepfakeai,grokai",treatment,1.0,True,14,3,0.13636363636363635
syn_treatment_000029,,syn_user_916258,synuser_59847,846,471,,1198,False,1776,[synthetic] treatment post #29,2026-02-28 00:00:00,en,True,,,False,False,False,False,4,0,0,18,0,0,syntheticmedia,treatment,1.0,True,2,4,0.2222222222222222
syn_treatment_000098,,syn_user_171920,synuser_31323,805,1103,,2700,False,4406,[synthetic] treatment post #98,2026-02-16 00:00:00,en,True,,,False,False,False,False,0,0,0,24,0,0,"deepfakeai,aiart,grokai",treatment,1.0,True,21,0,0.0
syn_treatment_000300,,syn_user_859535,synuser_22708,644,1445,,3178,False,2201,[synthetic] treatment post #300,2025-11-19 00:00:00,en,True,photo,,False,False,False,False,4,0,0,39,0,0,"aiart,deepfakeai",treatment,1.0,True,5,4,0.10256410256410256
syn_treatment_000332,,syn_user_813023,synuser_42310,416,981,,1770,False,5075,[synthetic] treatment post #332,2026-04-10 00:00:00,en,True,photo,,False,False,False,False,7,0,0,12,0,0,"aiart,syntheticmedia",treatment,1.0,True,18,7,0.5833333333333334
syn_treatment_000390,,syn_user_269605,synuser_16384,540,468,,1824,False,7143,[synthetic] treatment post #390,2026-03-21 00:00:00,en,True,,,False,False,False,False,0,0,0,34,0,0,"aiart,deepfakeai",treatment,1.0,True,4,0,0.0
syn_treatment_000259,,syn_user_611370,synuser_80835,435,1704,,30,False,8290,[synthetic] treatment post #259,2026-03-16 00:00:00,en,False,,,False,False,True,False,19,0,0,24,0,0,"aiart,deepfakeai",treatment,1.0,True,20,19,0.7916666666666666
syn_treatment_000083,,syn_user_598035,synuser_27608,671,238,,452,False,4562,[synthetic] treatment post #83,2026-04-11 00:00:00,en,True,photo,,False,False,False,True,8,0,0,15,0,0,grokimage,treatment,1.0,True,15,8,0.5333333333333333
syn_treatment_000331,,syn_user_185392,synuser_14899,1072,1953,,1216,False,5141,[synthetic] treatment post #331,2026-02-08 00:00:00,en,False,photo,,False,False,False,False,3,0,0,24,0,0,"syntheticmedia,grokai,aigenerated",treatment,1.0,True,8,3,0.125
syn_treatment_000163,,syn_user_465973,synuser_14585,691,1323,,1369,False,7414,[synthetic] treatment post #163,2025-11-19 00:00:00,en,True,video,,False,False,False,True,0,0,0,22,0,0,"deepfakeai,aigenerated,grokai",treatment,1.0,True,21,0,0.0
syn_treatment_000005,,syn_user_971931,synuser_33296,589,744,,3367,False,7635,[synthetic] treatment post #5,2026-01-03 00:00:00,en,True,photo,,False,False,False,False,0,0,0,40,0,0,grokai,treatment,1.0,True,9,0,0.0
syn_treatment_000146,,syn_user_398098,synuser_56053,563,1294,,2184,False,6834,[synthetic] treatment post #146,2026-03-20 00:00:00,en,False,video,,False,False,False,False,0,0,0,18,0,0,"aigenerated,syntheticmedia",treatment,1.0,True,9,0,0.0
syn_treatment_000010,,syn_user_448730,synuser_43640,904,451,,562,False,9160,[synthetic] treatment post #10,2025-12-19 00:00:00,en,True,photo,,True,False,False,False,2,0,0,19,0,0,"syntheticmedia,deepfakeai",treatment,1.0,True,9,2,0.10526315789473684
syn_treatment_000381,,syn_user_581096,synuser_92243,940,1817,,864,True,881,[synthetic] treatment post #381,2026-02-08 00:00:00,en,False,video,,False,False,False,False,4,0,0,42,0,0,grokai,treatment,1.0,True,4,4,0.09523809523809523
syn_treatment_000392,,syn_user_852956,synuser_36846,660,75,,3564,False,2487,[synthetic] treatment post #392,2025-12-20 00:00:00,en,True,,,False,False,False,False,1,0,0,22,0,0,aiart,treatment,1.0,True,4,1,0.045454545454545456
syn_treatment_000386,,syn_user_334416,synuser_13942,589,304,,1796,False,2091,[synthetic] treatment post #386,2026-03-29 00:00:00,en,True,photo,,False,False,True,False,15,0,0,24,0,0,"grokimage,aiart",treatment,1.0,True,16,15,0.625
syn_treatment_000197,,syn_user_304967,synuser_45317,1136,986,,1891,False,6485,[synthetic] treatment post #197,2025-11-05 00:00:00,en,True,photo,,False,False,False,False,3,0,0,13,0,0,"grokai,aigenerated",treatment,1.0,True,0,3,0.23076923076923078
syn_treatment_000040,,syn_user_900463,synuser_32912,756,1227,,1589,False,472,[synthetic] treatment post #40,2025-11-20 00:00:00,en,True,photo,,False,False,False,False,6,0,0,28,0,0,aiart,treatment,1.0,True,4,6,0.21428571428571427
syn_treatment_000131,,syn_user_308822,synuser_83804,966,350,,572,False,6002,[synthetic] treatment post #131,2025-12-27 00:00:00,en,False,photo,,False,False,False,False,0,0,0,24,0,0,grokimage,treatment,1.0,True,10,0,0.0
syn_treatment_000240,,syn_user_170524,synuser_65703,942,1108,,1515,False,7665,[synthetic] treatment post #240,2026-03-25 00:00:00,en,True,,,False,False,False,False,1,0,0,15,0,0,"aigenerated,syntheticmedia,grokai",treatment,1.0,True,8,1,0.06666666666666667
syn_treatment_000108,,syn_user_340223,synuser_79192,580,1481,,3787,False,3612,[synthetic] treatment post #108,2025-11-21 00:00:00,en,True,,,False,False,False,False,7,0,0,31,0,0,"aigenerated,deepfakeai,grokimage",treatment,1.0,True,3,7,0.22580645161290322
syn_treatment_000019,,syn_user_149089,synuser_39243,661,300,,1264,True,8467,[synthetic] treatment post #19,2026-03-01 00:00:00,en,True,video,,True,False,False,True,3,0,0,37,0,0,"grokai,aigenerated",treatment,1.0,True,22,3,0.08108108108108109
syn_treatment_000081,,syn_user_124242,synuser_34764,887,949,,2037,False,9728,[synthetic] treatment post #81,2025-11-21 00:00:00,en,True,photo,,False,False,False,False,0,0,0,34,0,0,"syntheticmedia,aiart,deepfakeai",treatment,1.0,True,7,0,0.0
syn_treatment_000020,,syn_user_171022,synuser_37243,488,983,,2406,False,6815,[synthetic] treatment post #20,2026-02-28 00:00:00,en,True,photo,,False,False,False,False,3,0,0,28,0,0,grokai,treatment,1.0,True,20,3,0.10714285714285714
syn_treatment_000305,,syn_user_505485,synuser_29038,655,266,,1612,False,2967,[synthetic] treatment post #305,2025-12-11 00:00:00,en,True,photo,,False,False,False,False,14,0,0,31,0,0,"deepfakeai,aiart,grokimage",treatment,1.0,True,15,14,0.45161290322580644
syn_treatment_000394,,syn_user_225531,synuser_69350,643,1854,,2992,False,6822,[synthetic] treatment post #394,2026-03-18 00:00:00,en,False,,,True,False,False,False,14,0,0,24,0,0,grokimage,treatment,1.0,True,23,14,0.5833333333333334
syn_treatment_000085,,syn_user_988039,synuser_29246,728,255,,30,False,6485,[synthetic] treatment post #85,2026-02-18 00:00:00,en,False,,,False,False,True,False,0,0,0,28,0,0,"syntheticmedia,grokimage",treatment,1.0,True,4,0,0.0
syn_treatment_000032,,syn_user_796383,synuser_45043,682,1780,,2806,False,8606,[synthetic] treatment post #32,2025-11-24 00:00:00,en,True,photo,,False,False,False,False,8,0,0,28,0,0,"deepfakeai,syntheticmedia,grokai",treatment,1.0,True,12,8,0.2857142857142857
syn_treatment_000115,,syn_user_663320,synuser_80374,1065,896,,382,False,3382,[synthetic] treatment post #115,2025-11-28 00:00:00,en,True,photo,,False,False,False,False,3,0,0,16,0,0,"deepfakeai,grokimage",treatment,1.0,True,20,3,0.1875
syn_treatment_000114,,syn_user_550410,synuser_62695,579,880,,3447,False,4386,[synthetic] treatment post #114,2026-04-02 00:00:00,en,True,photo,,False,False,False,False,0,0,0,18,0,0,"syntheticmedia,grokai",treatment,1.0,True,16,0,0.0
syn_treatment_000398,,syn_user_893659,synuser_96314,899,1327,,3048,False,5111,[synthetic] treatment post #398,2026-03-26 00:00:00,en,True,photo,,False,False,False,False,0,0,0,25,0,0,"aiart,aigenerated",treatment,1.0,True,5,0,0.0
syn_treatment_000143,,syn_user_362518,synuser_64085,665,1003,,2222,False,7034,[synthetic] treatment post #143,2026-04-09 00:00:00,en,True,photo,,False,False,False,False,0,0,0,19,0,0,"aigenerated,grokai",treatment,1.0,True,16,0,0.0
syn_treatment_000189,,syn_user_373223,synuser_11893,683,739,,30,False,2620,[synthetic] treatment post #189,2026-01-13 00:00:00,en,False,,,False,False,True,False,1,0,0,34,0,0,"grokimage,grokai",treatment,1.0,True,5,1,0.029411764705882353
syn_treatment_000086,,syn_user_556906,synuser_49745,813,1082,,2515,False,6209,[synthetic] treatment post #86,2026-04-14 00:00:00,en,True,photo,,False,False,False,False,4,0,0,18,0,0,grokai,treatment,1.0,True,13,4,0.2222222222222222
syn_treatment_000261,,syn_user_403731,synuser_21376,1245,1261,,4922,False,5095,[synthetic] treatment post #261,2026-04-14 00:00:00,en,True,video,,False,False,False,False,5,0,0,24,0,0,"syntheticmedia,aigenerated,grokai",treatment,1.0,True,14,5,0.20833333333333334
syn_treatment_000090,,syn_user_933551,synuser_81400,600,1413,,2560,False,4329,[synthetic] treatment post #90,2026-01-17 00:00:00,en,False,video,,False,False,False,False,0,0,0,24,0,0,"syntheticmedia,grokai,aigenerated",treatment,1.0,True,2,0,0.0
syn_treatment_000023,,syn_user_151987,synuser_69294,615,487,,564,False,2398,[synthetic] treatment post #23,2026-03-22 00:00:00,en,False,photo,,False,False,False,False,3,0,0,12,0,0,aigenerated,treatment,1.0,True,20,3,0.25
syn_treatment_000249,,syn_user_614711,synuser_89113,1099,417,,3211,False,9452,[synthetic] treatment post #249,2026-02-25 00:00:00,en,True,,,False,False,False,False,0,0,0,15,0,0,"aigenerated,aiart,syntheticmedia",treatment,1.0,True,17,0,0.0
syn_treatment_000095,,syn_user_569958,synuser_19456,478,414,,3022,False,2076,[synthetic] treatment post #95,2026-02-02 00:00:00,en,False,photo,,False,False,False,False,5,0,0,22,0,0,"deepfakeai,syntheticmedia",treatment,1.0,True,11,5,0.22727272727272727
syn_treatment_000242,,syn_user_804499,synuser_45912,794,966,,2628,False,8620,[synthetic] treatment post #242,2026-01-26 00:00:00,en,True,photo,,False,False,False,False,0,0,0,18,0,0,"aiart,deepfakeai",treatment,1.0,True,5,0,0.0
syn_treatment_000184,,syn_user_183247,synuser_33997,594,711,,2373,False,8582,[synthetic] treatment post #184,2026-01-27 00:00:00,en,True,photo,,False,False,False,False,10,0,0,21,0,0,"aigenerated,deepfakeai,aiart",treatment,1.0,True,0,10,0.47619047619047616
syn_treatment_000170,,syn_user_229229,synuser_28860,397,1203,,2633,False,8971,[synthetic] treatment post #170,2025-11-15 00:00:00,en,True,,,False,False,False,False,0,0,0,24,0,0,"grokai,deepfakeai",treatment,1.0,True,15,0,0.0
syn_treatment_000330,,syn_user_460673,synuser_31531,595,543,,417,False,2106,[synthetic] treatment post #330,2025-12-19 00:00:00,en,False,photo,,False,False,False,False,2,0,0,28,0,0,grokai,treatment,1.0,True,16,2,0.07142857142857142
syn_treatment_000082,,syn_user_131309,synuser_26888,881,458,,2266,False,6811,[synthetic] treatment post #82,2025-11-05 00:00:00,en,True,photo,,False,False,False,False,10,0,0,39,0,0,aiart,treatment,1.0,True,13,10,0.2564102564102564
syn_treatment_000325,,syn_user_479816,synuser_59212,806,1895,,2042,False,1685,[synthetic] treatment post #325,2026-02-27 00:00:00,en,True,photo,,False,False,False,True,10,0,0,37,0,0,"grokimage,aigenerated",treatment,1.0,True,6,10,0.2702702702702703
syn_treatment_000354,,syn_user_228499,synuser_90205,530,1758,,684,False,8144,[synthetic] treatment post #354,2025-11-06 00:00:00,en,True,photo,,False,False,False,False,0,0,0,27,0,0,"deepfakeai,grokimage",treatment,1.0,True,7,0,0.0
syn_treatment_000376,,syn_user_406564,synuser_96001,564,1877,,1368,False,6779,[synthetic] treatment post #376,2025-12-09 00:00:00,en,False,photo,,True,False,False,False,0,0,0,13,0,0,"aiart,syntheticmedia,aigenerated",treatment,1.0,True,18,0,0.0
syn_treatment_000058,,syn_user_207169,synuser_14259,824,1509,,2320,False,6915,[synthetic] treatment post #58,2025-11-15 00:00:00,en,False,photo,,False,False,True,False,0,0,0,46,0,0,"deepfakeai,aiart,aigenerated",treatment,1.0,True,5,0,0.0
syn_treatment_000294,,syn_user_977437,synuser_58860,739,293,,30,True,804,[synthetic] treatment post #294,2025-12-08 00:00:00,en,True,photo,,False,False,False,True,0,0,0,19,0,0,aiart,treatment,1.0,True,0,0,0.0
syn_treatment_000006,,syn_user_138709,synuser_85620,325,1251,,2587,False,2020,[synthetic] treatment post #6,2025-11-12 00:00:00,en,True,,,False,False,False,False,1,0,0,21,0,0,"syntheticmedia,grokimage",treatment,1.0,True,3,1,0.047619047619047616
syn_treatment_000209,,syn_user_815425,synuser_24242,652,1122,,2131,False,3300,[synthetic] treatment post #209,2026-01-06 00:00:00,en,True,video,,False,False,False,True,6,0,0,42,0,0,aigenerated,treatment,1.0,True,1,6,0.14285714285714285
syn_treatment_000177,,syn_user_747716,synuser_38833,528,464,,4139,False,182,[synthetic] treatment post #177,2026-01-26 00:00:00,en,False,photo,,False,False,False,False,0,0,0,36,0,0,"aiart,deepfakeai",treatment,1.0,True,3,0,0.0
syn_treatment_000162,,syn_user_376128,synuser_41704,595,742,,2763,False,475,[synthetic] treatment post #162,2025-12-07 00:00:00,en,True,photo,,False,False,False,False,10,0,0,33,0,0,aiart,treatment,1.0,True,13,10,0.30303030303030304
syn_treatment_000282,,syn_user_364143,synuser_70058,914,1262,,1434,False,3130,[synthetic] treatment post #282,2026-02-26 00:00:00,en,False,photo,,False,False,False,True,2,0,0,24,0,0,"aigenerated,syntheticmedia,grokimage",treatment,1.0,True,8,2,0.08333333333333333
syn_treatment_000301,,syn_user_866132,synuser_34911,891,796,,3216,False,57,[synthetic] treatment post #301,2025-12-22 00:00:00,en,False,photo,,False,False,False,True,7,0,0,24,0,0,"aigenerated,syntheticmedia",treatment,1.0,True,14,7,0.2916666666666667
syn_treatment_000306,,syn_user_488501,synuser_17386,947,1542,,2224,False,741,[synthetic] treatment post #306,2026-01-09 00:00:00,en,False,photo,,False,False,False,False,3,0,0,22,0,0,"aiart,syntheticmedia,grokimage",treatment,1.0,True,22,3,0.13636363636363635
syn_treatment_000001,,syn_user_807431,synuser_93009,765,880,,602,False,2023,[synthetic] treatment post #1,2025-12-30 00:00:00,en,True,photo,,False,False,False,False,0,0,0,10,0,0,"syntheticmedia,grokimage,deepfakeai",treatment,1.0,True,21,0,0.0
syn_treatment_000281,,syn_user_306898,synuser_51272,953,757,,1888,False,9298,[synthetic] treatment post #281,2025-12-17 00:00:00,en,True,photo,,False,False,False,False,0,0,0,33,0,0,deepfakeai,treatment,1.0,True,9,0,0.0
syn_treatment_000284,,syn_user_787213,synuser_28325,761,1775,,2380,False,5725,[synthetic] treatment post #284,2026-02-10 00:00:00,en,True,,,False,False,False,True,0,0,0,24,0,0,"deepfakeai,aigenerated,aiart",treatment,1.0,True,8,0,0.0
syn_treatment_000235,,syn_user_337140,synuser_98549,720,1500,,3483,False,6562,[synthetic] treatment post #235,2025-11-21 00:00:00,en,True,,,False,False,False,False,0,0,0,27,0,0,"deepfakeai,grokimage,aigenerated",treatment,1.0,True,20,0,0.0
syn_treatment_000033,,syn_user_817201,synuser_81636,799,1718,,2793,False,6352,[synthetic] treatment post #33,2026-02-14 00:00:00,en,False,,,False,False,False,False,13,0,0,28,0,0,deepfakeai,treatment,1.0,True,1,13,0.4642857142857143
syn_treatment_000011,,syn_user_789803,synuser_42114,662,172,,1669,False,2237,[synthetic] treatment post #11,2025-11-11 00:00:00,en,False,video,,False,False,True,True,0,0,0,24,0,0,"syntheticmedia,grokai,aiart",treatment,1.0,True,23,0,0.0
syn_treatment_000241,,syn_user_311435,synuser_91705,494,1340,,3562,False,9584,[synthetic] treatment post #241,2026-02-09 00:00:00,en,True,,,False,False,False,True,13,0,0,48,0,0,"aigenerated,deepfakeai",treatment,1.0,True,10,13,0.2708333333333333
syn_treatment_000397,,syn_user_203937,synuser_17129,781,1810,,1793,False,8390,[synthetic] treatment post #397,2026-03-18 00:00:00,en,True,photo,,False,False,True,False,0,0,0,16,0,0,"deepfakeai,aiart,aigenerated",treatment,1.0,True,15,0,0.0
syn_treatment_000132,,syn_user_189058,synuser_12699,1157,1448,,1175,False,6761,[synthetic] treatment post #132,2025-12-13 00:00:00,en,False,video,,False,False,True,False,0,0,0,25,0,0,aiart,treatment,1.0,True,10,0,0.0
syn_treatment_000173,,syn_user_439091,synuser_60618,683,1907,,3312,False,7465,[synthetic] treatment post #173,2026-01-28 00:00:00,en,False,photo,,False,False,False,True,1,0,0,24,0,0,syntheticmedia,treatment,1.0,True,22,1,0.041666666666666664
syn_treatment_000374,,syn_user_154594,synuser_23120,384,1963,,2996,False,1437,[synthetic] treatment post #374,2026-04-05 00:00:00,en,False,photo,,False,False,False,True,0,0,0,30,0,0,syntheticmedia,treatment,1.0,True,9,0,0.0
syn_treatment_000269,,syn_user_711201,synuser_46225,402,165,,2794,False,4115,[synthetic] treatment post #269,2026-02-20 00:00:00,en,True,video,,False,False,False,False,3,0,0,16,0,0,grokimage,treatment,1.0,True,22,3,0.1875
syn_treatment_000278,,syn_user_498394,synuser_12287,709,960,,30,False,5408,[synthetic] treatment post #278,2025-11-08 00:00:00,en,False,,,False,False,False,False,0,0,0,42,0,0,"grokai,deepfakeai",treatment,1.0,True,19,0,0.0
syn_treatment_000393,,syn_user_422556,synuser_59352,670,66,,2717,False,7801,[synthetic] treatment post #393,2026-02-02 00:00:00,en,False,photo,,True,False,False,False,0,0,0,19,0,0,"grokimage,deepfakeai",treatment,1.0,True,1,0,0.0
syn_treatment_000126,,syn_user_117251,synuser_19314,1212,1480,,823,False,4013,[synthetic] treatment post #126,2026-01-25 00:00:00,en,False,photo,,False,False,False,False,0,0,0,31,0,0,aigenerated,treatment,1.0,True,0,0,0.0
syn_treatment_000313,,syn_user_378468,synuser_45013,589,700,,1997,False,6232,[synthetic] treatment post #313,2026-02-16 00:00:00,en,False,video,,False,False,False,True,0,0,0,21,0,0,"grokimage,syntheticmedia",treatment,1.0,True,6,0,0.0
syn_treatment_000113,,syn_user_249490,synuser_64525,707,68,,2448,False,6040,[synthetic] treatment post #113,2026-01-06 00:00:00,en,False,photo,,False,False,False,False,4,0,0,37,0,0,"grokimage,deepfakeai",treatment,1.0,True,0,4,0.10810810810810811
syn_treatment_000198,,syn_user_507027,synuser_42089,808,907,,2310,False,501,[synthetic] treatment post #198,2026-03-31 00:00:00,en,False,photo,,False,False,False,True,2,0,0,15,0,0,"grokai,aigenerated",treatment,1.0,True,19,2,0.13333333333333333
syn_treatment_000024,,syn_user_938894,synuser_41517,986,1826,,780,False,3634,[synthetic] treatment post #24,2025-12-29 00:00:00,en,True,photo,,False,False,False,False,7,0,0,34,0,0,"grokimage,grokai,aiart",treatment,1.0,True,4,7,0.20588235294117646
syn_treatment_000355,,syn_user_769845,synuser_44588,958,1843,,1658,False,6781,[synthetic] treatment post #355,2026-01-19 00:00:00,en,False,,,True,False,False,False,5,0,0,42,0,0,syntheticmedia,treatment,1.0,True,23,5,0.11904761904761904
syn_treatment_000054,,syn_user_773980,synuser_99813,674,1627,,1221,False,7484,[synthetic] treatment post #54,2025-12-16 00:00:00,en,False,photo,,False,False,False,False,0,0,0,15,0,0,"grokai,grokimage,aigenerated",treatment,1.0,True,0,0,0.0
syn_treatment_000064,,syn_user_584179,synuser_61798,710,1630,,1927,False,7909,[synthetic] treatment post #64,2026-03-07 00:00:00,en,False,photo,,False,False,False,False,4,0,0,22,0,0,"aiart,aigenerated",treatment,1.0,True,7,4,0.18181818181818182
syn_treatment_000250,,syn_user_866303,synuser_93441,658,765,,2556,False,3929,[synthetic] treatment post #250,2026-03-21 00:00:00,en,False,photo,,False,False,False,False,0,0,0,30,0,0,"grokai,aigenerated",treatment,1.0,True,0,0,0.0
syn_treatment_000042,,syn_user_566398,synuser_80501,414,436,,2778,False,950,[synthetic] treatment post #42,2026-04-08 00:00:00,en,True,,,False,False,False,True,3,0,0,25,0,0,"syntheticmedia,grokimage,deepfakeai",treatment,1.0,True,15,3,0.12
syn_treatment_000361,,syn_user_273774,synuser_34851,764,1715,,2898,False,1057,[synthetic] treatment post #361,2025-12-31 00:00:00,en,True,,,False,False,False,False,8,0,0,36,0,0,"deepfakeai,aiart",treatment,1.0,True,5,8,0.2222222222222222
syn_treatment_000039,,syn_user_452246,synuser_89551,1009,672,,30,False,8761,[synthetic] treatment post #39,2025-12-02 00:00:00,en,True,video,,False,False,False,True,3,0,0,19,0,0,"deepfakeai,grokai",treatment,1.0,True,11,3,0.15789473684210525
syn_treatment_000383,,syn_user_119624,synuser_93289,598,1954,,30,False,437,[synthetic] treatment post #383,2026-02-03 00:00:00,en,True,photo,,False,False,False,False,2,0,0,12,0,0,"syntheticmedia,grokai",treatment,1.0,True,9,2,0.16666666666666666
syn_treatment_000117,,syn_user_192424,synuser_42811,786,224,,2073,False,2614,[synthetic] treatment post #117,2025-11-10 00:00:00,en,True,photo,,True,False,False,False,8,0,0,36,0,0,grokai,treatment,1.0,True,10,8,0.2222222222222222
syn_treatment_000362,,syn_user_212568,synuser_39960,1191,553,,2763,False,3205,[synthetic] treatment post #362,2025-12-11 00:00:00,en,True,photo,,False,False,False,False,4,0,0,24,0,0,syntheticmedia,treatment,1.0,True,6,4,0.16666666666666666
syn_treatment_000128,,syn_user_464227,synuser_51665,698,1714,,2302,False,7159,[synthetic] treatment post #128,2025-11-16 00:00:00,en,True,photo,,False,False,False,False,0,0,0,28,0,0,aigenerated,treatment,1.0,True,14,0,0.0
syn_treatment_000127,,syn_user_277656,synuser_36089,728,1646,,3069,False,2695,[synthetic] treatment post #127,2026-04-15 00:00:00,en,True,photo,,False,False,False,True,9,0,0,28,0,0,"grokai,aigenerated",treatment,1.0,True,9,9,0.32142857142857145
syn_treatment_000207,,syn_user_855003,synuser_17728,611,1836,,2040,False,303,[synthetic] treatment post #207,2026-02-17 00:00:00,en,True,photo,,False,False,True,False,0,0,0,27,0,0,grokai,treatment,1.0,True,14,0,0.0
syn_treatment_000285,,syn_user_459239,synuser_14273,629,165,,2631,False,6519,[synthetic] treatment post #285,2026-03-06 00:00:00,en,False,video,,False,False,False,True,0,0,0,33,0,0,deepfakeai,treatment,1.0,True,9,0,0.0
syn_treatment_000206,,syn_user_328211,synuser_14502,557,562,,1846,False,4554,[synthetic] treatment post #206,2026-03-27 00:00:00,en,True,,,False,False,False,False,0,0,0,24,0,0,aigenerated,treatment,1.0,True,16,0,0.0
syn_treatment_000395,,syn_user_105157,synuser_23130,512,1963,,3573,False,8996,[synthetic] treatment post #395,2025-11-05 00:00:00,en,True,photo,,True,False,False,False,7,0,0,33,0,0,grokimage,treatment,1.0,True,21,7,0.21212121212121213
syn_treatment_000288,,syn_user_362572,synuser_53579,844,119,,2756,False,8545,[synthetic] treatment post #288,2026-02-06 00:00:00,en,True,photo,,False,False,False,True,0,0,0,15,0,0,"syntheticmedia,aiart",treatment,1.0,True,22,0,0.0
syn_treatment_000367,,syn_user_504365,synuser_79307,827,621,,2248,False,2601,[synthetic] treatment post #367,2025-11-30 00:00:00,en,True,video,,False,False,False,False,0,0,0,18,0,0,grokimage,treatment,1.0,True,13,0,0.0
syn_treatment_000274,,syn_user_636436,synuser_62531,650,1569,,30,False,7831,[synthetic] treatment post #274,2026-03-16 00:00:00,en,True,photo,,False,False,False,False,6,0,0,30,0,0,grokai,treatment,1.0,True,17,6,0.2
syn_treatment_000199,,syn_user_994118,synuser_69107,1021,585,,121,True,7774,[synthetic] treatment post #199,2025-12-25 00:00:00,en,False,,,False,False,False,False,12,0,0,36,0,0,"deepfakeai,syntheticmedia,aigenerated",treatment,1.0,True,5,12,0.3333333333333333
syn_treatment_000171,,syn_user_155646,synuser_12016,981,1817,,30,False,5004,[synthetic] treatment post #171,2025-12-25 00:00:00,en,True,video,,False,False,False,False,5,0,0,24,0,0,"aigenerated,deepfakeai,grokimage",treatment,1.0,True,18,5,0.20833333333333334
syn_treatment_000290,,syn_user_618842,synuser_97090,638,1874,,2538,False,9423,[synthetic] treatment post #290,2026-01-17 00:00:00,en,True,photo,,True,False,False,True,12,0,0,37,0,0,"grokai,aigenerated",treatment,1.0,True,21,12,0.32432432432432434
syn_treatment_000153,,syn_user_212557,synuser_58393,979,1913,,324,False,2619,[synthetic] treatment post #153,2025-11-24 00:00:00,en,True,video,,False,False,False,False,0,0,0,25,0,0,"aiart,syntheticmedia",treatment,1.0,True,22,0,0.0
syn_treatment_000187,,syn_user_295341,synuser_92651,776,1637,,2539,False,442,[synthetic] treatment post #187,2026-02-03 00:00:00,en,False,photo,,False,False,False,False,0,0,0,40,0,0,"grokimage,aiart,grokai",treatment,1.0,True,12,0,0.0
syn_treatment_000043,,syn_user_767844,synuser_72329,602,1550,,2260,False,2718,[synthetic] treatment post #43,2025-11-27 00:00:00,en,False,video,,False,False,False,False,1,0,0,49,0,0,deepfakeai,treatment,1.0,True,22,1,0.02040816326530612
syn_treatment_000312,,syn_user_123035,synuser_60676,593,551,,1421,False,2586,[synthetic] treatment post #312,2026-02-23 00:00:00,en,True,,,False,False,False,False,13,0,0,30,0,0,"aigenerated,grokai",treatment,1.0,True,19,13,0.43333333333333335
syn_treatment_000234,,syn_user_131788,synuser_66479,727,1359,,3677,False,7847,[synthetic] treatment post #234,2025-11-18 00:00:00,en,True,video,,False,False,False,False,4,0,0,34,0,0,aigenerated,treatment,1.0,True,0,4,0.11764705882352941
syn_treatment_000134,,syn_user_983646,synuser_73094,685,1487,,1160,False,39,[synthetic] treatment post #134,2026-03-12 00:00:00,en,True,,,False,False,False,False,9,0,0,30,0,0,"aigenerated,grokimage",treatment,1.0,True,18,9,0.3
syn_treatment_000346,,syn_user_172736,synuser_66194,949,1158,,907,False,6944,[synthetic] treatment post #346,2026-02-27 00:00:00,en,True,photo,,False,False,False,False,2,0,0,28,0,0,"grokimage,grokai",treatment,1.0,True,5,2,0.07142857142857142
syn_treatment_000103,,syn_user_909722,synuser_98978,750,1861,,2034,False,1865,[synthetic] treatment post #103,2026-03-05 00:00:00,en,True,video,,False,False,False,True,5,0,0,25,0,0,grokimage,treatment,1.0,True,14,5,0.2
syn_treatment_000025,,syn_user_215147,synuser_57396,741,558,,2600,False,7131,[synthetic] treatment post #25,2026-01-02 00:00:00,en,True,,,False,False,False,False,0,0,0,13,0,0,"grokai,syntheticmedia,aiart",treatment,1.0,True,13,0,0.0
syn_treatment_000227,,syn_user_616402,synuser_34037,628,1999,,2857,False,9108,[synthetic] treatment post #227,2025-12-24 00:00:00,en,False,video,,False,False,False,True,0,0,0,33,0,0,"aigenerated,grokai",treatment,1.0,True,1,0,0.0
syn_treatment_000018,,syn_user_821589,synuser_67695,692,1563,,1481,False,9173,[synthetic] treatment post #18,2026-02-16 00:00:00,en,True,video,,True,False,False,False,4,0,0,28,0,0,aigenerated,treatment,1.0,True,15,4,0.14285714285714285
syn_treatment_000138,,syn_user_394677,synuser_10699,537,768,,1916,False,9195,[synthetic] treatment post #138,2025-11-13 00:00:00,en,False,photo,,False,False,True,False,0,0,0,42,0,0,deepfakeai,treatment,1.0,True,5,0,0.0
syn_treatment_000221,,syn_user_263007,synuser_61683,439,363,,1473,False,7064,[synthetic] treatment post #221,2026-02-10 00:00:00,en,False,photo,,False,False,False,True,5,0,0,40,0,0,"aigenerated,syntheticmedia",treatment,1.0,True,11,5,0.125
syn_treatment_000186,,syn_user_804183,synuser_63255,764,1977,,2274,False,9911,[synthetic] treatment post #186,2026-01-03 00:00:00,en,True,photo,,False,False,False,True,2,0,0,19,0,0,"deepfakeai,grokimage,aigenerated",treatment,1.0,True,4,2,0.10526315789473684
syn_treatment_000038,,syn_user_574522,synuser_46303,655,1316,,1532,False,8885,[synthetic] treatment post #38,2026-04-13 00:00:00,en,False,video,,False,False,False,True,0,0,0,19,0,0,"grokai,aiart",treatment,1.0,True,11,0,0.0
syn_treatment_000067,,syn_user_978887,synuser_80835,652,1487,,652,False,5891,[synthetic] treatment post #67,2025-12-18 00:00:00,en,True,photo,,False,False,False,False,0,0,0,25,0,0,"aigenerated,grokai",treatment,1.0,True,17,0,0.0
syn_treatment_000075,,syn_user_970795,synuser_16143,534,1679,,2098,False,3190,[synthetic] treatment post #75,2025-12-03 00:00:00,en,False,photo,,False,False,False,False,5,0,0,37,0,0,aigenerated,treatment,1.0,True,5,5,0.13513513513513514
syn_treatment_000239,,syn_user_401891,synuser_17130,532,1029,,1415,False,749,[synthetic] treatment post #239,2025-11-03 00:00:00,en,False,,,False,False,True,False,0,0,0,18,0,0,aiart,treatment,1.0,True,12,0,0.0
syn_treatment_000188,,syn_user_650814,synuser_41058,908,758,,1343,False,9990,[synthetic] treatment post #188,2025-12-24 00:00:00,en,True,,,False,False,True,False,1,0,0,12,0,0,"syntheticmedia,grokimage,aigenerated",treatment,1.0,True,23,1,0.08333333333333333
syn_treatment_000228,,syn_user_582529,synuser_21686,665,571,,1200,False,4240,[synthetic] treatment post #228,2026-04-12 00:00:00,en,True,photo,,False,False,False,False,2,0,0,18,0,0,"deepfakeai,aiart,aigenerated",treatment,1.0,True,2,2,0.1111111111111111
syn_treatment_000066,,syn_user_926375,synuser_98124,646,626,,2812,False,8613,[synthetic] treatment post #66,2026-02-14 00:00:00,en,False,photo,,False,False,False,False,9,0,0,37,0,0,grokai,treatment,1.0,True,13,9,0.24324324324324326
syn_treatment_000178,,syn_user_569962,synuser_39437,988,68,,30,False,9080,[synthetic] treatment post #178,2026-02-25 00:00:00,en,True,photo,,False,False,False,True,2,0,0,18,0,0,deepfakeai,treatment,1.0,True,10,2,0.1111111111111111
syn_treatment_000370,,syn_user_483103,synuser_42376,1072,153,,2013,False,8951,[synthetic] treatment post #370,2026-01-12 00:00:00,en,False,photo,,True,False,False,False,8,0,0,33,0,0,grokimage,treatment,1.0,True,7,8,0.24242424242424243
syn_treatment_000384,,syn_user_260293,synuser_54719,923,272,,2949,False,3854,[synthetic] treatment post #384,2026-03-03 00:00:00,en,False,video,,False,False,False,False,6,0,0,27,0,0,"grokai,aiart,aigenerated",treatment,1.0,True,20,6,0.2222222222222222
syn_treatment_000224,,syn_user_448310,synuser_26808,602,414,,30,False,795,[synthetic] treatment post #224,2025-12-17 00:00:00,en,True,photo,,True,False,True,False,6,0,0,28,0,0,"grokimage,grokai,aiart",treatment,1.0,True,3,6,0.21428571428571427
syn_treatment_000268,,syn_user_733141,synuser_21113,835,651,,2020,False,6966,[synthetic] treatment post #268,2026-02-04 00:00:00,en,True,,,False,False,False,False,6,0,0,42,0,0,"deepfakeai,grokai",treatment,1.0,True,21,6,0.14285714285714285
syn_treatment_000094,,syn_user_291330,synuser_73501,935,1004,,3895,False,6087,[synthetic] treatment post #94,2026-01-02 00:00:00,en,False,,,False,False,True,True,0,0,0,28,0,0,"grokimage,syntheticmedia,aigenerated",treatment,1.0,True,18,0,0.0
syn_treatment_000319,,syn_user_309458,synuser_53942,682,1654,,2540,False,2296,[synthetic] treatment post #319,2026-02-03 00:00:00,en,False,photo,,False,False,False,False,3,0,0,24,0,0,grokimage,treatment,1.0,True,1,3,0.125
syn_treatment_000218,,syn_user_291641,synuser_94548,949,1696,,1171,False,3634,[synthetic] treatment post #218,2026-02-26 00:00:00,en,True,photo,,False,False,False,False,7,0,0,30,0,0,deepfakeai,treatment,1.0,True,5,7,0.23333333333333334
syn_treatment_000257,,syn_user_677275,synuser_16533,1164,1930,,881,False,6191,[synthetic] treatment post #257,2026-03-05 00:00:00,en,False,photo,,False,False,False,False,0,0,0,39,0,0,syntheticmedia,treatment,1.0,True,6,0,0.0
syn_treatment_000260,,syn_user_242369,synuser_79482,544,1510,,2297,False,193,[synthetic] treatment post #260,2026-03-15 00:00:00,en,False,photo,,False,False,False,False,5,0,0,27,0,0,grokai,treatment,1.0,True,4,5,0.18518518518518517
syn_treatment_000299,,syn_user_512959,synuser_48587,539,1554,,2227,False,4409,[synthetic] treatment post #299,2026-04-02 00:00:00,en,True,video,,False,False,False,False,5,0,0,19,0,0,"deepfakeai,grokimage,syntheticmedia",treatment,1.0,True,16,5,0.2631578947368421
syn_treatment_000321,,syn_user_740237,synuser_21892,763,302,,3170,False,2156,[synthetic] treatment post #321,2025-11-12 00:00:00,en,True,photo,,False,False,False,False,1,0,0,34,0,0,"syntheticmedia,grokimage,aiart",treatment,1.0,True,18,1,0.029411764705882353
syn_treatment_000211,,syn_user_287353,synuser_21945,696,1549,,2181,False,7087,[synthetic] treatment post #211,2026-03-14 00:00:00,en,True,,,False,False,False,False,6,0,0,18,0,0,"grokai,aiart",treatment,1.0,True,13,6,0.3333333333333333
syn_treatment_000145,,syn_user_981695,synuser_58132,649,517,,978,False,5474,[synthetic] treatment post #145,2026-04-16 00:00:00,en,False,,,False,False,False,True,0,0,0,15,0,0,"grokai,deepfakeai,aiart",treatment,1.0,True,9,0,0.0
syn_treatment_000057,,syn_user_830412,synuser_58938,916,1920,,2348,False,7812,[synthetic] treatment post #57,2026-01-27 00:00:00,en,True,photo,,False,False,False,False,6,0,0,45,0,0,"deepfakeai,grokimage,grokai",treatment,1.0,True,13,6,0.13333333333333333
syn_treatment_000009,,syn_user_346969,synuser_72093,734,1892,,1644,False,5054,[synthetic] treatment post #9,2026-02-12 00:00:00,en,True,photo,,False,False,False,False,0,0,0,21,0,0,"syntheticmedia,grokai",treatment,1.0,True,22,0,0.0
syn_treatment_000389,,syn_user_761900,synuser_58260,753,197,,1502,False,5254,[synthetic] treatment post #389,2025-12-12 00:00:00,en,True,photo,,False,False,False,False,0,0,0,19,0,0,"deepfakeai,aiart,grokai",treatment,1.0,True,14,0,0.0
syn_treatment_000050,,syn_user_270452,synuser_58510,603,1505,,529,False,6971,[synthetic] treatment post #50,2026-03-22 00:00:00,en,False,photo,,False,False,False,False,0,0,0,37,0,0,grokai,treatment,1.0,True,9,0,0.0
syn_treatment_000129,,syn_user_176766,synuser_73322,561,1442,,2426,False,707,[synthetic] treatment post #129,2026-03-01 00:00:00,en,True,photo,,False,False,False,False,7,0,0,19,0,0,"grokai,aigenerated",treatment,1.0,True,20,7,0.3684210526315789
syn_treatment_000254,,syn_user_422958,synuser_82122,733,1288,,3053,False,3546,[synthetic] treatment post #254,2026-02-17 00:00:00,en,False,photo,,True,False,False,True,3,0,0,30,0,0,grokai,treatment,1.0,True,11,3,0.1
syn_treatment_000379,,syn_user_277119,synuser_80516,1204,1286,,2088,False,8486,[synthetic] treatment post #379,2025-11-29 00:00:00,en,False,video,,False,False,False,True,0,0,0,27,0,0,syntheticmedia,treatment,1.0,True,23,0,0.0
syn_treatment_000099,,syn_user_325955,synuser_38735,840,364,,1648,False,1474,[synthetic] treatment post #99,2026-03-24 00:00:00,en,False,video,,False,False,False,False,0,0,0,15,0,0,aigenerated,treatment,1.0,True,17,0,0.0
syn_treatment_000074,,syn_user_840430,synuser_88191,832,777,,2384,False,5455,[synthetic] treatment post #74,2026-01-06 00:00:00,en,False,,,False,False,False,False,0,0,0,22,0,0,aigenerated,treatment,1.0,True,14,0,0.0
syn_treatment_000135,,syn_user_966109,synuser_98846,708,1325,,2777,False,2773,[synthetic] treatment post #135,2025-11-14 00:00:00,en,True,video,,False,False,False,False,4,0,0,16,0,0,deepfakeai,treatment,1.0,True,5,4,0.25
syn_treatment_000000,,syn_user_781448,synuser_98255,544,882,,3947,False,6636,[synthetic] treatment post #0,2025-12-04 00:00:00,en,True,video,,False,False,False,False,0,0,0,36,0,0,"grokai,grokimage",treatment,1.0,True,9,0,0.0
syn_treatment_000271,,syn_user_578213,synuser_65620,656,1411,,5000,False,8735,[synthetic] treatment post #271,2026-03-04 00:00:00,en,False,,,False,False,False,True,1,0,0,24,0,0,aigenerated,treatment,1.0,True,17,1,0.041666666666666664
syn_treatment_000303,,syn_user_374136,synuser_48371,592,386,,2124,False,6931,[synthetic] treatment post #303,2026-04-12 00:00:00,en,True,,,False,False,False,False,0,0,0,28,0,0,"grokai,deepfakeai",treatment,1.0,True,10,0,0.0
syn_treatment_000092,,syn_user_635452,synuser_56016,864,349,,1759,True,5699,[synthetic] treatment post #92,2026-03-09 00:00:00,en,True,photo,,False,False,False,False,0,0,0,22,0,0,"aigenerated,aiart,grokai",treatment,1.0,True,10,0,0.0
syn_treatment_000320,,syn_user_342591,synuser_12716,862,259,,1772,False,444,[synthetic] treatment post #320,2026-02-16 00:00:00,en,True,photo,,False,False,False,False,5,0,0,25,0,0,"grokai,aigenerated",treatment,1.0,True,10,5,0.2
syn_treatment_000091,,syn_user_534432,synuser_22206,932,1017,,393,False,2538,[synthetic] treatment post #91,2025-11-06 00:00:00,en,True,,,False,False,False,False,5,0,0,34,0,0,"syntheticmedia,grokimage,deepfakeai",treatment,1.0,True,9,5,0.14705882352941177
syn_treatment_000349,,syn_user_999332,synuser_95764,602,631,,165,False,8868,[synthetic] treatment post #349,2025-11-20 00:00:00,en,True,,,False,False,False,False,6,0,0,33,0,0,"deepfakeai,syntheticmedia,aigenerated",treatment,1.0,True,13,6,0.18181818181818182
syn_treatment_000213,,syn_user_669323,synuser_93922,699,622,,1723,False,607,[synthetic] treatment post #213,2026-04-06 00:00:00,en,True,,,False,False,False,False,0,0,0,30,0,0,"grokai,grokimage",treatment,1.0,True,3,0,0.0
syn_treatment_000270,,syn_user_156402,synuser_75031,1173,1358,,1858,False,4333,[synthetic] treatment post #270,2026-01-10 00:00:00,en,True,,,False,False,True,False,0,0,0,19,0,0,deepfakeai,treatment,1.0,True,3,0,0.0
syn_treatment_000122,,syn_user_299046,synuser_43708,788,873,,3187,False,3117,[synthetic] treatment post #122,2026-03-29 00:00:00,en,True,photo,,False,False,False,False,0,0,0,33,0,0,"grokai,aigenerated",treatment,1.0,True,5,0,0.0
syn_treatment_000262,,syn_user_495899,synuser_25360,474,110,,30,False,1599,[synthetic] treatment post #262,2026-02-19 00:00:00,en,False,photo,,True,False,True,False,0,0,0,31,0,0,"syntheticmedia,aiart,grokimage",treatment,1.0,True,8,0,0.0
syn_treatment_000340,,syn_user_416834,synuser_60656,815,603,,1306,False,8815,[synthetic] treatment post #340,2026-04-13 00:00:00,en,True,,,False,False,True,False,0,0,0,33,0,0,"grokai,grokimage,syntheticmedia",treatment,1.0,True,3,0,0.0
syn_treatment_000357,,syn_user_870226,synuser_73757,574,633,,624,False,3606,[synthetic] treatment post #357,2025-12-19 00:00:00,en,True,,,False,False,True,False,6,0,0,24,0,0,"deepfakeai,grokimage",treatment,1.0,True,20,6,0.25
syn_treatment_000358,,syn_user_877426,synuser_34009,808,1116,,4108,False,4262,[synthetic] treatment post #358,2026-04-11 00:00:00,en,True,photo,,False,False,False,False,0,0,0,39,0,0,"grokai,grokimage",treatment,1.0,True,15,0,0.0
syn_treatment_000255,,syn_user_140292,synuser_50719,696,1484,,2354,False,1884,[synthetic] treatment post #255,2026-03-17 00:00:00,en,True,video,,False,False,False,False,0,0,0,16,0,0,"aigenerated,grokimage",treatment,1.0,True,0,0,0.0
syn_treatment_000304,,syn_user_977366,synuser_62727,992,1414,,820,False,7944,[synthetic] treatment post #304,2026-02-26 00:00:00,en,False,video,,False,False,False,False,0,0,0,19,0,0,"aigenerated,syntheticmedia,deepfakeai",treatment,1.0,True,22,0,0.0
syn_treatment_000119,,syn_user_764677,synuser_66336,650,747,,1425,False,7190,[synthetic] treatment post #119,2026-02-15 00:00:00,en,True,photo,,False,False,False,False,0,0,0,22,0,0,"grokai,deepfakeai,aigenerated",treatment,1.0,True,11,0,0.0
syn_treatment_000125,,syn_user_694157,synuser_61213,646,1766,,1268,False,8763,[synthetic] treatment post #125,2026-02-26 00:00:00,en,True,photo,,False,False,False,False,0,0,0,12,0,0,"grokimage,deepfakeai",treatment,1.0,True,4,0,0.0
syn_treatment_000195,,syn_user_515630,synuser_78115,689,1066,,822,False,1245,[synthetic] treatment post #195,2026-01-23 00:00:00,en,True,,,False,False,False,True,0,0,0,19,0,0,"syntheticmedia,grokai",treatment,1.0,True,11,0,0.0
syn_treatment_000248,,syn_user_845898,synuser_20277,684,1165,,1503,True,7966,[synthetic] treatment post #248,2026-02-28 00:00:00,en,False,,,False,False,False,False,9,0,0,16,0,0,"deepfakeai,aiart,syntheticmedia",treatment,1.0,True,10,9,0.5625
syn_treatment_000366,,syn_user_416619,synuser_75059,1106,193,,2364,False,2869,[synthetic] treatment post #366,2025-12-26 00:00:00,en,True,,,False,False,False,False,0,0,0,27,0,0,"deepfakeai,grokimage",treatment,1.0,True,13,0,0.0
syn_treatment_000222,,syn_user_981029,synuser_87895,771,297,,1444,False,4717,[synthetic] treatment post #222,2026-01-13 00:00:00,en,True,photo,,False,False,False,False,2,0,0,33,0,0,"aigenerated,deepfakeai,grokai",treatment,1.0,True,5,2,0.06060606060606061
syn_treatment_000104,,syn_user_829561,synuser_96393,747,1869,,2133,False,1593,[synthetic] treatment post #104,2026-03-06 00:00:00,en,True,,,False,False,True,False,0,0,0,22,0,0,"deepfakeai,syntheticmedia",treatment,1.0,True,0,0,0.0
syn_treatment_000076,,syn_user_557804,synuser_91951,885,919,,1564,False,110,[synthetic] treatment post #76,2026-03-09 00:00:00,en,True,photo,,False,False,False,True,14,0,0,45,0,0,"deepfakeai,grokai,aigenerated",treatment,1.0,True,12,14,0.3111111111111111
syn_treatment_000399,,syn_user_975753,synuser_96148,974,104,,3125,False,9583,[synthetic] treatment post #399,2025-12-03 00:00:00,en,True,,,False,False,False,False,1,0,0,18,0,0,syntheticmedia,treatment,1.0,True,13,1,0.05555555555555555
syn_treatment_000291,,syn_user_881596,synuser_93720,663,375,,2622,False,5763,[synthetic] treatment post #291,2026-01-24 00:00:00,en,True,video,,False,False,False,False,10,0,0,37,0,0,"syntheticmedia,aiart",treatment,1.0,True,4,10,0.2702702702702703
syn_treatment_000380,,syn_user_541653,synuser_49531,1072,308,,2080,False,8140,[synthetic] treatment post #380,2026-01-27 00:00:00,en,True,photo,,True,False,True,False,6,0,0,39,0,0,grokimage,treatment,1.0,True,21,6,0.15384615384615385
syn_treatment_000237,,syn_user_530991,synuser_71834,454,697,,762,False,5844,[synthetic] treatment post #237,2026-04-04 00:00:00,en,False,photo,,False,False,False,False,0,0,0,30,0,0,"grokai,grokimage,aiart",treatment,1.0,True,1,0,0.0
syn_treatment_000063,,syn_user_575462,synuser_66101,693,462,,1354,False,315,[synthetic] treatment post #63,2026-03-12 00:00:00,en,False,,,False,False,False,False,9,0,0,27,0,0,"grokimage,grokai",treatment,1.0,True,14,9,0.3333333333333333
syn_treatment_000123,,syn_user_933928,synuser_86183,951,1836,,1738,False,3278,[synthetic] treatment post #123,2026-03-30 00:00:00,en,True,video,,False,False,True,False,11,0,0,34,0,0,"grokimage,aiart",treatment,1.0,True,20,11,0.3235294117647059
syn_treatment_000309,,syn_user_217420,synuser_42505,400,812,,2517,False,709,[synthetic] treatment post #309,2026-02-04 00:00:00,en,True,video,,False,False,False,True,3,0,0,13,0,0,"aigenerated,aiart,grokai",treatment,1.0,True,19,3,0.23076923076923078
syn_treatment_000007,,syn_user_969020,synuser_49277,825,788,,2917,False,2953,[synthetic] treatment post #7,2026-01-04 00:00:00,en,False,photo,,False,False,False,False,7,0,0,34,0,0,"deepfakeai,grokai",treatment,1.0,True,21,7,0.20588235294117646
syn_treatment_000172,,syn_user_445053,synuser_78124,533,1168,,1256,False,917,[synthetic] treatment post #172,2026-01-17 00:00:00,en,False,,,False,False,False,False,6,0,0,45,0,0,"grokimage,grokai",treatment,1.0,True,10,6,0.13333333333333333
syn_treatment_000230,,syn_user_546348,synuser_81703,669,224,,1382,True,6974,[synthetic] treatment post #230,2026-03-07 00:00:00,en,False,,,True,False,False,False,0,0,0,45,0,0,"aiart,aigenerated,syntheticmedia",treatment,1.0,True,20,0,0.0
syn_treatment_000077,,syn_user_443387,synuser_72179,710,451,,1793,False,5545,[synthetic] treatment post #77,2026-02-14 00:00:00,en,True,photo,,False,False,True,False,0,0,0,22,0,0,"aiart,grokai,grokimage",treatment,1.0,True,18,0,0.0
syn_treatment_000272,,syn_user_799407,synuser_38931,761,981,,2019,False,9206,[synthetic] treatment post #272,2025-11-12 00:00:00,en,False,photo,,False,False,False,False,5,0,0,15,0,0,grokai,treatment,1.0,True,22,5,0.3333333333333333
syn_treatment_000205,,syn_user_828140,synuser_74678,442,1030,,1439,True,2740,[synthetic] treatment post #205,2025-11-11 00:00:00,en,True,photo,,False,False,True,True,25,0,0,39,0,0,"deepfakeai,aiart",treatment,1.0,True,5,25,0.6410256410256411
syn_treatment_000140,,syn_user_474942,synuser_86228,691,1212,,2959,True,4542,[synthetic] treatment post #140,2026-02-06 00:00:00,en,True,video,,False,False,False,False,0,0,0,24,0,0,"aiart,syntheticmedia",treatment,1.0,True,7,0,0.0
syn_treatment_000065,,syn_user_166250,synuser_56283,616,1541,,3548,False,1338,[synthetic] treatment post #65,2025-11-29 00:00:00,en,True,photo,,False,False,True,False,0,0,0,46,0,0,"grokimage,aiart",treatment,1.0,True,23,0,0.0
syn_treatment_000044,,syn_user_459905,synuser_18133,652,1874,,1117,False,9674,[synthetic] treatment post #44,2026-01-21 00:00:00,en,True,photo,,False,False,False,False,12,0,0,27,0,0,aigenerated,treatment,1.0,True,23,12,0.4444444444444444
syn_treatment_000130,,syn_user_511276,synuser_70276,455,1480,,3640,False,4569,[synthetic] treatment post #130,2025-11-24 00:00:00,en,True,photo,,False,False,False,False,1,0,0,22,0,0,"aiart,grokimage",treatment,1.0,True,21,1,0.045454545454545456
syn_treatment_000251,,syn_user_156071,synuser_52940,651,915,,1862,False,6630,[synthetic] treatment post #251,2025-12-23 00:00:00,en,True,,,False,False,False,False,0,0,0,31,0,0,"aigenerated,syntheticmedia",treatment,1.0,True,17,0,0.0
syn_treatment_000107,,syn_user_306040,synuser_29985,753,1313,,226,False,6863,[synthetic] treatment post #107,2026-02-12 00:00:00,en,True,photo,,True,False,False,False,6,0,0,19,0,0,"aigenerated,grokai",treatment,1.0,True,8,6,0.3157894736842105
syn_treatment_000121,,syn_user_898319,synuser_53384,1054,486,,2583,False,7416,[synthetic] treatment post #121,2026-04-14 00:00:00,en,True,photo,,False,False,False,False,0,0,0,33,0,0,"aiart,aigenerated,deepfakeai",treatment,1.0,True,2,0,0.0
syn_treatment_000233,,syn_user_708534,synuser_68155,834,1802,,30,False,3840,[synthetic] treatment post #233,2025-11-26 00:00:00,en,True,,,False,False,False,False,0,0,0,31,0,0,"grokai,syntheticmedia",treatment,1.0,True,1,0,0.0
syn_treatment_000175,,syn_user_829188,synuser_14912,464,56,,30,False,4646,[synthetic] treatment post #175,2025-12-30 00:00:00,en,True,,,False,False,False,False,14,0,0,48,0,0,"grokimage,aigenerated,aiart",treatment,1.0,True,3,14,0.2916666666666667
syn_treatment_000387,,syn_user_590802,synuser_85629,791,1902,,125,False,1508,[synthetic] treatment post #387,2025-12-31 00:00:00,en,True,photo,,False,False,False,False,2,0,0,15,0,0,"aiart,aigenerated,grokai",treatment,1.0,True,16,2,0.13333333333333333
syn_treatment_000314,,syn_user_516244,synuser_93782,436,1475,,1253,False,523,[synthetic] treatment post #314,2025-11-08 00:00:00,en,True,,,False,False,False,True,0,0,0,57,0,0,"grokai,grokimage",treatment,1.0,True,1,0,0.0
syn_treatment_000179,,syn_user_952644,synuser_66601,471,401,,3661,False,1850,[synthetic] treatment post #179,2025-11-08 00:00:00,en,True,photo,,False,False,False,False,9,0,0,19,0,0,"deepfakeai,grokimage",treatment,1.0,True,9,9,0.47368421052631576
syn_treatment_000324,,syn_user_642136,synuser_21555,715,950,,1978,False,9728,[synthetic] treatment post #324,2025-12-14 00:00:00,en,True,,,False,False,False,False,5,0,0,34,0,0,"grokimage,aigenerated",treatment,1.0,True,3,5,0.14705882352941177
syn_treatment_000144,,syn_user_981842,synuser_65436,793,1096,,1612,False,2571,[synthetic] treatment post #144,2025-12-28 00:00:00,en,True,,,False,False,False,False,0,0,0,22,0,0,"aigenerated,deepfakeai,grokai",treatment,1.0,True,21,0,0.0
syn_treatment_000112,,syn_user_578611,synuser_79016,731,1765,,910,False,3340,[synthetic] treatment post #112,2025-12-16 00:00:00,en,False,video,,False,False,False,True,3,0,0,30,0,0,grokai,treatment,1.0,True,10,3,0.1
syn_treatment_000102,,syn_user_985292,synuser_80419,708,1998,,1630,False,5775,[synthetic] treatment post #102,2025-11-16 00:00:00,en,True,photo,,False,False,False,False,0,1,0,46,0,0,"grokimage,grokai,deepfakeai",treatment,1.0,True,20,1,0.021739130434782608
syn_treatment_000061,,syn_user_101160,synuser_25628,716,1198,,1094,False,9451,[synthetic] treatment post #61,2026-01-10 00:00:00,en,True,photo,,False,False,False,False,0,0,0,27,0,0,"grokai,grokimage,syntheticmedia",treatment,1.0,True,20,0,0.0
syn_treatment_000176,,syn_user_894315,synuser_97252,761,1380,,2646,False,3111,[synthetic] treatment post #176,2025-12-18 00:00:00,en,True,photo,,False,False,False,True,1,0,0,30,0,0,"grokai,syntheticmedia",treatment,1.0,True,0,1,0.03333333333333333
syn_treatment_000053,,syn_user_901145,synuser_64584,911,1107,,703,False,2235,[synthetic] treatment post #53,2026-03-28 00:00:00,en,True,video,,False,False,False,False,0,0,0,39,0,0,deepfakeai,treatment,1.0,True,18,0,0.0
syn_treatment_000371,,syn_user_818237,synuser_84102,741,907,,1592,False,7104,[synthetic] treatment post #371,2026-01-06 00:00:00,en,True,photo,,False,False,False,False,6,0,0,16,0,0,grokai,treatment,1.0,True,5,6,0.375
syn_treatment_000369,,syn_user_613649,synuser_90738,465,284,,242,False,6914,[synthetic] treatment post #369,2026-02-05 00:00:00,en,True,,,False,False,False,False,6,0,0,25,0,0,grokimage,treatment,1.0,True,5,6,0.24
syn_treatment_000069,,syn_user_104951,synuser_69286,684,235,,2606,False,7017,[synthetic] treatment post #69,2025-12-27 00:00:00,en,True,photo,,False,False,False,False,9,0,0,27,0,0,"deepfakeai,grokai,aigenerated",treatment,1.0,True,16,9,0.3333333333333333
syn_treatment_000003,,syn_user_734645,synuser_39258,675,733,,2522,False,7069,[synthetic] treatment post #3,2026-03-01 00:00:00,en,False,photo,,False,False,False,False,1,0,0,30,0,0,"deepfakeai,aiart,grokimage",treatment,1.0,True,10,1,0.03333333333333333
syn_treatment_000101,,syn_user_650902,synuser_27267,567,1218,,1078,False,8045,[synthetic] treatment post #101,2026-02-12 00:00:00,en,True,video,,False,False,False,False,0,0,0,22,0,0,grokai,treatment,1.0,True,23,0,0.0
syn_treatment_000353,,syn_user_827845,synuser_54005,1052,1381,,1385,False,8378,[synthetic] treatment post #353,2026-02-28 00:00:00,en,True,photo,,False,False,False,False,7,0,0,22,0,0,"aigenerated,grokai,grokimage",treatment,1.0,True,14,7,0.3181818181818182
syn_treatment_000157,,syn_user_871056,synuser_50346,877,1475,,2401,False,1976,[synthetic] treatment post #157,2025-12-09 00:00:00,en,True,photo,,False,False,False,False,4,0,0,31,0,0,"grokimage,aigenerated,syntheticmedia",treatment,1.0,True,13,4,0.12903225806451613
syn_treatment_000203,,syn_user_960299,synuser_76579,915,1821,,1630,True,9484,[synthetic] treatment post #203,2025-11-19 00:00:00,en,True,photo,,False,False,True,False,2,0,0,33,0,0,"grokimage,syntheticmedia",treatment,1.0,True,23,2,0.06060606060606061
syn_treatment_000253,,syn_user_343467,synuser_57818,416,1088,,2110,False,9548,[synthetic] treatment post #253,2026-01-19 00:00:00,en,True,video,,False,False,False,False,5,0,0,27,0,0,"grokai,aigenerated",treatment,1.0,True,16,5,0.18518518518518517
syn_treatment_000212,,syn_user_944643,synuser_23203,863,787,,3040,False,877,[synthetic] treatment post #212,2026-03-02 00:00:00,en,True,,,False,False,False,False,2,0,0,30,0,0,"grokai,syntheticmedia",treatment,1.0,True,18,2,0.06666666666666667
syn_treatment_000247,,syn_user_330504,synuser_69371,626,1478,,30,False,6240,[synthetic] treatment post #247,2026-01-28 00:00:00,en,True,,,False,False,False,False,8,0,0,34,0,0,grokimage,treatment,1.0,True,4,8,0.23529411764705882
syn_treatment_000364,,syn_user_992621,synuser_61531,722,1769,,2165,False,7072,[synthetic] treatment post #364,2025-12-19 00:00:00,en,True,photo,,False,False,False,False,8,0,0,31,0,0,"aiart,syntheticmedia",treatment,1.0,True,16,8,0.25806451612903225
syn_treatment_000100,,syn_user_698643,synuser_86769,780,653,,2510,True,4032,[synthetic] treatment post #100,2026-03-02 00:00:00,en,False,,,True,False,False,False,0,0,0,22,0,0,"deepfakeai,syntheticmedia,grokimage",treatment,1.0,True,7,0,0.0
syn_treatment_000097,,syn_user_639730,synuser_12420,455,1985,,631,False,7904,[synthetic] treatment post #97,2025-11-03 00:00:00,en,True,,,False,False,True,False,0,0,0,19,0,0,"grokimage,aiart,aigenerated",treatment,1.0,True,9,0,0.0
syn_treatment_000096,,syn_user_344113,synuser_76037,404,1397,,2242,False,9215,[synthetic] treatment post #96,2026-03-03 00:00:00,en,True,photo,,False,False,True,False,9,0,0,27,0,0,"aiart,grokimage,aigenerated",treatment,1.0,True,17,9,0.3333333333333333
syn_treatment_000298,,syn_user_821306,synuser_44640,953,1396,,2303,False,7240,[synthetic] treatment post #298,2026-01-26 00:00:00,en,False,,,False,False,True,False,3,0,0,31,0,0,grokimage,treatment,1.0,True,18,3,0.0967741935483871
syn_treatment_000275,,syn_user_906741,synuser_25525,508,1049,,1185,False,9804,[synthetic] treatment post #275,2026-03-28 00:00:00,en,False,video,,False,False,True,True,1,0,0,30,0,0,aigenerated,treatment,1.0,True,22,1,0.03333333333333333
syn_treatment_000136,,syn_user_238689,synuser_22811,574,1526,,1613,False,1201,[synthetic] treatment post #136,2026-02-09 00:00:00,en,True,photo,,False,False,False,False,0,0,0,18,0,0,"aiart,deepfakeai",treatment,1.0,True,16,0,0.0
syn_treatment_000073,,syn_user_319045,synuser_83373,714,1333,,146,False,5545,[synthetic] treatment post #73,2026-01-23 00:00:00,en,True,,,True,False,False,True,9,0,0,34,0,0,aiart,treatment,1.0,True,0,9,0.2647058823529412
syn_treatment_000093,,syn_user_190410,synuser_69335,526,1510,,3842,False,9878,[synthetic] treatment post #93,2026-02-04 00:00:00,en,True,photo,,False,False,False,False,4,0,0,34,0,0,"syntheticmedia,grokimage",treatment,1.0,True,5,4,0.11764705882352941
syn_treatment_000147,,syn_user_299099,synuser_56253,740,662,,1438,False,8399,[synthetic] treatment post #147,2026-01-01 00:00:00,en,True,,,False,False,False,False,4,0,0,34,0,0,aiart,treatment,1.0,True,18,4,0.11764705882352941
syn_treatment_000229,,syn_user_853254,synuser_84602,645,1536,,4112,False,1040,[synthetic] treatment post #229,2025-11-11 00:00:00,en,True,,,False,False,False,True,3,0,0,40,0,0,"aigenerated,deepfakeai,syntheticmedia",treatment,1.0,True,6,3,0.075
syn_treatment_000243,,syn_user_109220,synuser_67876,687,96,,4479,False,3057,[synthetic] treatment post #243,2026-04-08 00:00:00,en,False,photo,,True,False,False,False,5,0,0,16,0,0,"aigenerated,grokai,syntheticmedia",treatment,1.0,True,22,5,0.3125
syn_treatment_000350,,syn_user_855068,synuser_72749,916,1283,,2679,False,350,[synthetic] treatment post #350,2026-03-28 00:00:00,en,False,photo,,False,False,False,False,0,0,0,15,0,0,"aiart,grokimage",treatment,1.0,True,12,0,0.0
syn_treatment_000072,,syn_user_773853,synuser_58754,665,1265,,1645,False,8073,[synthetic] treatment post #72,2026-03-02 00:00:00,en,True,photo,,False,False,False,False,1,0,0,42,0,0,syntheticmedia,treatment,1.0,True,5,1,0.023809523809523808
syn_treatment_000133,,syn_user_965760,synuser_51889,759,144,,2027,False,1079,[synthetic] treatment post #133,2026-02-09 00:00:00,en,True,photo,,False,False,False,False,0,0,0,16,0,0,aigenerated,treatment,1.0,True,22,0,0.0
syn_treatment_000152,,syn_user_135802,synuser_70231,1003,1480,,1732,False,415,[synthetic] treatment post #152,2025-12-26 00:00:00,en,True,photo,,False,False,False,False,0,0,0,22,0,0,grokimage,treatment,1.0,True,18,0,0.0
syn_treatment_000388,,syn_user_247304,synuser_88566,691,1234,,1139,False,4914,[synthetic] treatment post #388,2026-02-26 00:00:00,en,False,video,,False,False,False,False,0,0,0,18,0,0,grokimage,treatment,1.0,True,5,0,0.0
syn_treatment_000196,,syn_user_833220,synuser_17341,900,128,,30,False,374,[synthetic] treatment post #196,2026-04-07 00:00:00,en,True,video,,False,False,False,False,8,0,0,43,0,0,"syntheticmedia,grokimage",treatment,1.0,True,18,8,0.18604651162790697
syn_treatment_000365,,syn_user_627716,synuser_53115,584,1832,,1515,False,1427,[synthetic] treatment post #365,2025-12-30 00:00:00,en,False,,,False,False,False,False,0,0,0,30,0,0,"aiart,syntheticmedia",treatment,1.0,True,9,0,0.0
syn_treatment_000079,,syn_user_124555,synuser_74402,670,1761,,2570,False,6596,[synthetic] treatment post #79,2025-12-02 00:00:00,en,True,photo,,False,False,True,False,0,0,0,27,0,0,syntheticmedia,treatment,1.0,True,17,0,0.0
syn_treatment_000352,,syn_user_918618,synuser_20517,582,1289,,1464,False,6021,[synthetic] treatment post #352,2026-01-11 00:00:00,en,True,video,,False,False,False,False,0,0,0,10,0,0,"aigenerated,grokimage,syntheticmedia",treatment,1.0,True,5,0,0.0
syn_treatment_000169,,syn_user_346008,synuser_59201,560,124,,2065,False,1281,[synthetic] treatment post #169,2025-11-15 00:00:00,en,True,,,False,False,False,False,0,0,0,15,0,0,"syntheticmedia,grokai,aigenerated",treatment,1.0,True,13,0,0.0
syn_treatment_000336,,syn_user_232798,synuser_11610,741,970,,964,False,7376,[synthetic] treatment post #336,2026-03-23 00:00:00,en,True,photo,,False,False,False,False,3,0,0,28,0,0,"aigenerated,aiart",treatment,1.0,True,22,3,0.10714285714285714
syn_treatment_000217,,syn_user_771116,synuser_81766,498,565,,2465,False,2987,[synthetic] treatment post #217,2026-01-11 00:00:00,en,True,video,,False,False,False,False,7,0,0,13,0,0,aigenerated,treatment,1.0,True,22,7,0.5384615384615384
syn_treatment_000391,,syn_user_684535,synuser_84050,635,750,,2413,True,150,[synthetic] treatment post #391,2026-04-08 00:00:00,en,False,video,,False,False,True,False,2,0,0,25,0,0,"aigenerated,aiart",treatment,1.0,True,12,2,0.08
syn_treatment_000062,,syn_user_615818,synuser_41934,723,1065,,1349,False,9718,[synthetic] treatment post #62,2026-03-23 00:00:00,en,True,photo,,False,False,False,True,1,0,0,34,0,0,"aigenerated,deepfakeai",treatment,1.0,True,3,1,0.029411764705882353
syn_treatment_000182,,syn_user_113561,synuser_71283,716,586,,1827,False,6855,[synthetic] treatment post #182,2026-02-21 00:00:00,en,True,video,,False,False,False,False,0,0,0,24,0,0,"deepfakeai,aiart,syntheticmedia",treatment,1.0,True,6,0,0.0
syn_treatment_000323,,syn_user_240601,synuser_91171,796,572,,2218,False,6232,[synthetic] treatment post #323,2025-12-16 00:00:00,en,False,,,False,False,False,False,5,0,0,43,0,0,"grokai,syntheticmedia",treatment,1.0,True,7,5,0.11627906976744186
syn_treatment_000183,,syn_user_737020,synuser_42201,750,1216,,30,False,6945,[synthetic] treatment post #183,2026-02-03 00:00:00,en,False,photo,,False,False,False,False,3,0,0,25,0,0,"aiart,grokimage",treatment,1.0,True,23,3,0.12
syn_treatment_000267,,syn_user_625952,synuser_35203,517,1113,,2404,False,1418,[synthetic] treatment post #267,2026-02-09 00:00:00,en,True,video,,False,False,False,False,11,0,0,21,0,0,grokimage,treatment,1.0,True,6,11,0.5238095238095238
syn_treatment_000360,,syn_user_505885,synuser_11529,822,1256,,2524,False,4197,[synthetic] treatment post #360,2025-11-24 00:00:00,en,True,photo,,False,False,False,False,5,0,0,36,0,0,grokai,treatment,1.0,True,18,5,0.1388888888888889
syn_treatment_000308,,syn_user_943000,synuser_48882,553,471,,4731,False,7831,[synthetic] treatment post #308,2026-04-09 00:00:00,en,False,photo,,False,False,True,False,0,0,0,7,0,0,"deepfakeai,grokai",treatment,1.0,True,0,0,0.0
syn_treatment_000208,,syn_user_454017,synuser_75127,569,95,,2292,False,1038,[synthetic] treatment post #208,2026-01-20 00:00:00,en,False,video,,False,False,False,True,7,0,0,39,0,0,syntheticmedia,treatment,1.0,True,7,7,0.1794871794871795
syn_treatment_000232,,syn_user_919805,synuser_58306,535,81,,645,False,9091,[synthetic] treatment post #232,2025-12-08 00:00:00,en,True,,,False,False,False,False,8,0,0,37,0,0,"grokimage,grokai",treatment,1.0,True,10,8,0.21621621621621623
syn_treatment_000326,,syn_user_402995,synuser_54716,626,1318,,3410,False,7291,[synthetic] treatment post #326,2026-04-06 00:00:00,en,True,,,False,False,False,True,2,0,0,12,0,0,"aigenerated,aiart,grokimage",treatment,1.0,True,7,2,0.16666666666666666
syn_treatment_000334,,syn_user_606762,synuser_75446,1204,1811,,2481,False,1358,[synthetic] treatment post #334,2026-03-10 00:00:00,en,True,video,,True,False,False,False,4,0,0,21,0,0,"aigenerated,grokai,syntheticmedia",treatment,1.0,True,15,4,0.19047619047619047
syn_treatment_000174,,syn_user_213012,synuser_23833,925,737,,2320,False,7494,[synthetic] treatment post #174,2025-12-21 00:00:00,en,False,,,False,False,False,False,0,0,0,36,0,0,"grokimage,deepfakeai",treatment,1.0,True,8,0,0.0
syn_treatment_000297,,syn_user_385414,synuser_97123,672,1572,,1682,False,1857,[synthetic] treatment post #297,2025-12-14 00:00:00,en,True,photo,,False,False,False,False,9,0,0,39,0,0,syntheticmedia,treatment,1.0,True,10,9,0.23076923076923078
syn_treatment_000035,,syn_user_854479,synuser_96037,623,1801,,993,False,7355,[synthetic] treatment post #35,2026-02-01 00:00:00,en,True,photo,,True,False,False,False,0,0,0,24,0,0,"aigenerated,aiart,deepfakeai",treatment,1.0,True,8,0,0.0
syn_treatment_000192,,syn_user_324526,synuser_86091,749,785,,3193,False,4614,[synthetic] treatment post #192,2025-11-24 00:00:00,en,True,photo,,False,False,False,True,3,0,0,21,0,0,aiart,treatment,1.0,True,19,3,0.14285714285714285
syn_treatment_000109,,syn_user_288927,synuser_27709,759,1445,,4825,False,910,[synthetic] treatment post #109,2025-12-13 00:00:00,en,False,photo,,False,False,False,False,1,0,0,31,0,0,"deepfakeai,grokai,aiart",treatment,1.0,True,13,1,0.03225806451612903
syn_treatment_000120,,syn_user_335309,synuser_84074,540,240,,30,False,3379,[synthetic] treatment post #120,2025-12-29 00:00:00,en,True,photo,,False,False,False,False,12,0,0,33,0,0,"grokimage,deepfakeai",treatment,1.0,True,22,12,0.36363636363636365
syn_treatment_000045,,syn_user_768835,synuser_43686,563,1097,,2545,True,1959,[synthetic] treatment post #45,2026-01-08 00:00:00,en,False,video,,False,False,False,False,0,0,0,27,0,0,grokai,treatment,1.0,True,13,0,0.0
syn_treatment_000190,,syn_user_458487,synuser_90919,931,1640,,2668,False,8460,[synthetic] treatment post #190,2025-11-21 00:00:00,en,True,video,,False,False,False,False,0,0,0,45,0,0,"aigenerated,aiart",treatment,1.0,True,8,0,0.0
syn_treatment_000156,,syn_user_384854,synuser_38435,787,1031,,2113,False,3151,[synthetic] treatment post #156,2026-03-13 00:00:00,en,True,,,False,False,False,False,4,0,0,37,0,0,aiart,treatment,1.0,True,0,4,0.10810810810810811
syn_treatment_000342,,syn_user_376159,synuser_38744,669,1367,,646,False,4481,[synthetic] treatment post #342,2026-03-20 00:00:00,en,True,photo,,False,False,False,False,7,0,0,49,0,0,"grokai,syntheticmedia",treatment,1.0,True,21,7,0.14285714285714285
syn_treatment_000347,,syn_user_761232,synuser_24188,841,1358,,2330,False,6143,[synthetic] treatment post #347,2026-04-11 00:00:00,en,False,photo,,False,False,False,False,0,0,0,19,0,0,"deepfakeai,aigenerated",treatment,1.0,True,12,0,0.0
syn_treatment_000167,,syn_user_111102,synuser_84399,622,1166,,2405,True,398,[synthetic] treatment post #167,2026-04-01 00:00:00,en,True,photo,,True,False,False,False,0,0,0,13,0,0,"deepfakeai,syntheticmedia",treatment,1.0,True,5,0,0.0
syn_treatment_000048,,syn_user_563992,synuser_89109,677,377,,1246,False,8810,[synthetic] treatment post #48,2025-12-20 00:00:00,en,True,photo,,False,False,False,False,6,0,0,21,0,0,"grokimage,deepfakeai,syntheticmedia",treatment,1.0,True,22,6,0.2857142857142857
syn_treatment_000356,,syn_user_439571,synuser_84355,696,96,,1163,False,3769,[synthetic] treatment post #356,2025-12-15 00:00:00,en,False,,,False,False,False,False,1,0,0,25,0,0,"grokai,aiart",treatment,1.0,True,6,1,0.04
syn_treatment_000150,,syn_user_988431,synuser_42095,671,251,,2597,True,9108,[synthetic] treatment post #150,2026-01-17 00:00:00,en,False,photo,,False,False,False,False,0,0,0,19,0,0,"syntheticmedia,grokai,deepfakeai",treatment,1.0,True,18,0,0.0
syn_treatment_000084,,syn_user_559711,synuser_32694,526,347,,764,False,7084,[synthetic] treatment post #84,2026-01-01 00:00:00,en,False,,,False,False,False,False,13,0,0,30,0,0,"aiart,grokimage,aigenerated",treatment,1.0,True,15,13,0.43333333333333335
syn_treatment_000180,,syn_user_415452,synuser_42799,824,1871,,30,False,8428,[synthetic] treatment post #180,2026-01-19 00:00:00,en,False,photo,,False,False,False,True,0,0,0,34,0,0,"grokimage,deepfakeai,aiart",treatment,1.0,True,20,0,0.0
syn_treatment_000328,,syn_user_323945,synuser_66850,752,462,,1504,False,727,[synthetic] treatment post #328,2026-01-24 00:00:00,en,True,photo,,False,False,False,False,0,0,0,30,0,0,"aiart,aigenerated",treatment,1.0,True,8,0,0.0
syn_treatment_000238,,syn_user_356288,synuser_12958,865,1458,,4011,False,1835,[synthetic] treatment post #238,2026-02-06 00:00:00,en,False,,,False,False,False,False,11,0,0,43,0,0,aiart,treatment,1.0,True,20,11,0.2558139534883721
syn_treatment_000368,,syn_user_255594,synuser_74213,918,292,,1378,False,2823,[synthetic] treatment post #368,2026-03-11 00:00:00,en,False,photo,,False,False,False,False,6,0,0,16,0,0,"grokai,grokimage",treatment,1.0,True,4,6,0.375
syn_treatment_000341,,syn_user_755468,synuser_33788,467,269,,3187,False,2876,[synthetic] treatment post #341,2026-02-28 00:00:00,en,True,,,False,False,False,False,0,0,0,30,0,0,"deepfakeai,grokimage",treatment,1.0,True,19,0,0.0
syn_treatment_000088,,syn_user_826399,synuser_24234,717,299,,1997,False,9319,[synthetic] treatment post #88,2025-12-24 00:00:00,en,False,photo,,False,False,False,False,0,0,0,34,0,0,aiart,treatment,1.0,True,6,0,0.0
syn_treatment_000012,,syn_user_996442,synuser_30458,799,1076,,667,False,2565,[synthetic] treatment post #12,2026-02-05 00:00:00,en,True,video,,False,False,False,False,6,0,0,31,0,0,"grokai,deepfakeai,aiart",treatment,1.0,True,14,6,0.1935483870967742
syn_treatment_000078,,syn_user_573515,synuser_90786,884,274,,975,False,3457,[synthetic] treatment post #78,2026-02-06 00:00:00,en,False,photo,,False,False,True,False,0,0,0,33,0,0,"grokai,deepfakeai,syntheticmedia",treatment,1.0,True,4,0,0.0
syn_treatment_000014,,syn_user_985343,synuser_13418,879,501,,2806,True,8574,[synthetic] treatment post #14,2025-11-15 00:00:00,en,True,,,True,False,False,False,2,0,0,24,0,0,"aiart,syntheticmedia",treatment,1.0,True,18,2,0.08333333333333333
syn_treatment_000106,,syn_user_642219,synuser_18614,1487,1170,,1142,False,4477,[synthetic] treatment post #106,2026-02-06 00:00:00,en,True,photo,,False,False,False,False,0,0,0,16,0,0,"grokimage,aigenerated",treatment,1.0,True,16,0,0.0
syn_treatment_000329,,syn_user_788920,synuser_89012,745,1314,,30,False,6881,[synthetic] treatment post #329,2026-01-31 00:00:00,en,True,,,False,False,False,False,4,0,0,37,0,0,"grokai,deepfakeai,grokimage",treatment,1.0,True,6,4,0.10810810810810811
syn_treatment_000137,,syn_user_443726,synuser_89117,651,1302,,646,False,5076,[synthetic] treatment post #137,2025-12-08 00:00:00,en,True,photo,,False,False,False,False,0,0,0,19,0,0,"aiart,grokai,grokimage",treatment,1.0,True,17,0,0.0
syn_treatment_000166,,syn_user_880674,synuser_54067,722,387,,1875,False,8714,[synthetic] treatment post #166,2026-03-19 00:00:00,en,False,video,,False,False,False,False,1,0,0,13,0,0,"deepfakeai,syntheticmedia",treatment,1.0,True,3,1,0.07692307692307693
syn_treatment_000002,,syn_user_102566,synuser_62803,719,843,,967,False,5270,[synthetic] treatment post #2,2026-01-23 00:00:00,en,True,video,,False,False,False,False,0,0,0,34,0,0,grokimage,treatment,1.0,True,9,0,0.0
syn_treatment_000287,,syn_user_106103,synuser_13316,781,736,,3199,False,3948,[synthetic] treatment post #287,2026-03-13 00:00:00,en,True,photo,,True,False,False,False,5,0,0,27,0,0,"deepfakeai,aiart",treatment,1.0,True,13,5,0.18518518518518517
syn_treatment_000245,,syn_user_405515,synuser_51067,837,1028,,1361,False,3596,[synthetic] treatment post #245,2025-12-31 00:00:00,en,False,,,False,False,False,False,4,0,0,27,0,0,"grokimage,syntheticmedia,aigenerated",treatment,1.0,True,4,4,0.14814814814814814
syn_treatment_000201,,syn_user_204020,synuser_65093,1130,877,,2559,False,9705,[synthetic] treatment post #201,2026-02-22 00:00:00,en,True,photo,,False,False,False,False,3,0,0,19,0,0,grokai,treatment,1.0,True,23,3,0.15789473684210525
syn_treatment_000219,,syn_user_344408,synuser_20504,691,88,,2301,False,2201,[synthetic] treatment post #219,2025-12-15 00:00:00,en,False,video,,False,False,False,False,3,0,0,34,0,0,"grokai,syntheticmedia",treatment,1.0,True,4,3,0.08823529411764706
syn_treatment_000151,,syn_user_486433,synuser_64977,892,1226,,2292,False,4839,[synthetic] treatment post #151,2026-01-08 00:00:00,en,True,photo,,False,False,False,False,0,0,0,19,0,0,deepfakeai,treatment,1.0,True,16,0,0.0
syn_treatment_000111,,syn_user_211497,synuser_43646,558,311,,249,False,6934,[synthetic] treatment post #111,2026-04-12 00:00:00,en,True,,,False,False,True,False,0,0,0,27,0,0,"deepfakeai,grokimage",treatment,1.0,True,7,0,0.0
syn_treatment_000351,,syn_user_620696,synuser_61785,944,481,,3179,False,594,[synthetic] treatment post #351,2026-02-14 00:00:00,en,True,photo,,True,False,False,False,0,0,0,27,0,0,deepfakeai,treatment,1.0,True,21,0,0.0
syn_treatment_000055,,syn_user_509015,synuser_46209,912,76,,367,True,6864,[synthetic] treatment post #55,2026-03-10 00:00:00,en,True,video,,False,False,False,False,5,0,0,22,0,0,syntheticmedia,treatment,1.0,True,16,5,0.22727272727272727
syn_treatment_000339,,syn_user_787421,synuser_52905,663,156,,1871,False,4144,[synthetic] treatment post #339,2026-02-28 00:00:00,en,True,photo,,False,False,False,False,4,0,0,25,0,0,"aiart,grokimage,syntheticmedia",treatment,1.0,True,4,4,0.16
syn_treatment_000030,,syn_user_325902,synuser_15926,530,494,,1857,False,8033,[synthetic] treatment post #30,2026-02-19 00:00:00,en,True,photo,,False,False,False,False,0,0,0,36,0,0,deepfakeai,treatment,1.0,True,8,0,0.0
syn_treatment_000155,,syn_user_444541,synuser_14397,684,1100,,1959,False,7922,[synthetic] treatment post #155,2025-12-27 00:00:00,en,True,photo,,True,False,False,False,28,0,0,48,0,0,"grokai,deepfakeai",treatment,1.0,True,14,28,0.5833333333333334
syn_treatment_000377,,syn_user_746138,synuser_25249,744,121,,1191,False,5107,[synthetic] treatment post #377,2026-01-29 00:00:00,en,True,photo,,False,False,False,False,0,0,0,19,0,0,"grokai,aiart",treatment,1.0,True,16,0,0.0
syn_treatment_000316,,syn_user_609727,synuser_27867,562,1247,,1712,False,1397,[synthetic] treatment post #316,2025-11-04 00:00:00,en,True,photo,,False,False,False,False,5,0,0,27,0,0,"grokimage,aigenerated,grokai",treatment,1.0,True,7,5,0.18518518518518517
syn_treatment_000041,,syn_user_877472,synuser_73431,687,1999,,1184,False,3801,[synthetic] treatment post #41,2026-02-01 00:00:00,en,False,,,True,False,False,False,3,0,0,28,0,0,syntheticmedia,treatment,1.0,True,5,3,0.10714285714285714
syn_treatment_000289,,syn_user_959974,synuser_45358,467,951,,3196,False,8138,[synthetic] treatment post #289,2026-01-10 00:00:00,en,True,photo,,False,False,False,False,2,0,0,21,0,0,grokimage,treatment,1.0,True,17,2,0.09523809523809523
syn_treatment_000295,,syn_user_997980,synuser_41433,551,498,,36,False,1945,[synthetic] treatment post #295,2025-11-29 00:00:00,en,True,,,True,False,False,False,8,0,0,40,0,0,syntheticmedia,treatment,1.0,True,8,8,0.2
syn_treatment_000191,,syn_user_576846,synuser_31548,625,948,,3937,False,844,[synthetic] treatment post #191,2025-12-29 00:00:00,en,True,photo,,False,False,False,False,0,0,0,18,0,0,deepfakeai,treatment,1.0,True,10,0,0.0
syn_treatment_000265,,syn_user_962126,synuser_44813,817,1226,,1282,False,9847,[synthetic] treatment post #265,2026-03-05 00:00:00,en,True,video,,True,False,False,False,0,0,0,15,0,0,"syntheticmedia,deepfakeai",treatment,1.0,True,7,0,0.0
syn_treatment_000337,,syn_user_405364,synuser_40582,731,1087,,3487,False,9327,[synthetic] treatment post #337,2026-03-01 00:00:00,en,True,photo,,False,False,False,False,16,0,0,25,0,0,grokai,treatment,1.0,True,6,16,0.64
syn_treatment_000223,,syn_user_395310,synuser_26850,809,92,,1228,False,6594,[synthetic] treatment post #223,2026-02-13 00:00:00,en,True,photo,,False,False,False,True,0,0,0,40,0,0,grokimage,treatment,1.0,True,2,0,0.0
syn_treatment_000116,,syn_user_261707,synuser_95937,858,1992,,1688,False,2557,[synthetic] treatment post #116,2025-12-14 00:00:00,en,True,,,False,False,False,True,0,0,0,21,0,0,syntheticmedia,treatment,1.0,True,18,0,0.0
syn_treatment_000193,,syn_user_816990,synuser_73886,805,805,,30,False,5424,[synthetic] treatment post #193,2025-12-08 00:00:00,en,True,,,False,False,False,False,0,0,0,13,0,0,"deepfakeai,aigenerated,syntheticmedia",treatment,1.0,True,23,0,0.0
syn_treatment_000139,,syn_user_393212,synuser_27725,611,770,,2042,False,2870,[synthetic] treatment post #139,2026-01-09 00:00:00,en,False,photo,,False,False,False,False,10,0,0,25,0,0,"syntheticmedia,grokai",treatment,1.0,True,23,10,0.4
syn_treatment_000008,,syn_user_614277,synuser_44660,686,1278,,2507,False,4169,[synthetic] treatment post #8,2026-02-05 00:00:00,en,True,photo,,False,False,False,True,0,0,0,21,0,0,"syntheticmedia,deepfakeai",treatment,1.0,True,10,0,0.0
syn_treatment_000202,,syn_user_355980,synuser_52858,798,763,,1180,False,5331,[synthetic] treatment post #202,2026-04-12 00:00:00,en,True,video,,True,False,True,True,5,0,0,34,0,0,"syntheticmedia,grokai",treatment,1.0,True,15,5,0.14705882352941177
syn_treatment_000263,,syn_user_232600,synuser_45510,919,1188,,1548,False,3628,[synthetic] treatment post #263,2026-01-01 00:00:00,en,True,photo,,False,False,False,False,0,0,0,30,0,0,"aigenerated,aiart,grokai",treatment,1.0,True,14,0,0.0
syn_treatment_000110,,syn_user_510312,synuser_68102,730,1295,,2374,False,4125,[synthetic] treatment post #110,2026-03-13 00:00:00,en,True,photo,,False,False,False,False,6,0,0,27,0,0,"grokimage,syntheticmedia",treatment,1.0,True,19,6,0.2222222222222222
syn_treatment_000226,,syn_user_741644,synuser_28411,691,918,,2115,False,4591,[synthetic] treatment post #226,2026-01-19 00:00:00,en,False,,,False,False,False,False,1,0,0,19,0,0,"aiart,syntheticmedia",treatment,1.0,True,17,1,0.05263157894736842
syn_treatment_000141,,syn_user_559009,synuser_80807,693,971,,2309,False,2157,[synthetic] treatment post #141,2025-12-04 00:00:00,en,True,photo,,True,False,False,False,11,0,0,24,0,0,"aigenerated,aiart",treatment,1.0,True,13,11,0.4583333333333333
syn_treatment_000335,,syn_user_751574,synuser_58314,585,645,,743,False,2516,[synthetic] treatment post #335,2026-03-10 00:00:00,en,False,photo,,False,False,False,False,7,0,0,21,0,0,"aigenerated,syntheticmedia",treatment,1.0,True,14,7,0.3333333333333333
syn_treatment_000363,,syn_user_248913,synuser_69030,1276,1792,,1342,False,9411,[synthetic] treatment post #363,2026-04-01 00:00:00,en,True,photo,,False,False,False,False,0,0,0,31,0,0,syntheticmedia,treatment,1.0,True,8,0,0.0
syn_treatment_000293,,syn_user_361752,synuser_75763,675,419,,2880,False,8456,[synthetic] treatment post #293,2025-12-26 00:00:00,en,False,,,False,False,False,False,0,0,0,13,0,0,"syntheticmedia,aiart",treatment,1.0,True,22,0,0.0
syn_treatment_000258,,syn_user_982827,synuser_83040,513,1366,,2878,False,9534,[synthetic] treatment post #258,2026-03-19 00:00:00,en,True,video,,False,False,False,False,6,0,0,16,0,0,"aigenerated,grokai,syntheticmedia",treatment,1.0,True,22,6,0.375
syn_treatment_000080,,syn_user_571104,synuser_93421,814,1428,,1785,False,3651,[synthetic] treatment post #80,2025-11-21 00:00:00,en,False,video,,False,False,False,False,0,0,0,15,0,0,"aigenerated,grokimage,aiart",treatment,1.0,True,7,0,0.0
syn_treatment_000049,,syn_user_638796,synuser_10507,591,676,,30,False,3548,[synthetic] treatment post #49,2026-01-22 00:00:00,en,True,,,False,False,False,False,0,0,0,25,0,0,"grokai,aigenerated,aiart",treatment,1.0,True,6,0,0.0
syn_treatment_000322,,syn_user_822956,synuser_70090,653,442,,4884,False,876,[synthetic] treatment post #322,2026-03-27 00:00:00,en,True,photo,,True,False,False,False,3,0,0,27,0,0,"syntheticmedia,deepfakeai",treatment,1.0,True,7,3,0.1111111111111111
syn_treatment_000037,,syn_user_761448,synuser_21760,798,810,,971,False,2439,[synthetic] treatment post #37,2026-03-10 00:00:00,en,True,video,,False,False,False,False,3,0,0,30,0,0,"aigenerated,grokai,aiart",treatment,1.0,True,3,3,0.1
syn_treatment_000280,,syn_user_897831,synuser_12107,1011,1826,,3482,False,8166,[synthetic] treatment post #280,2025-11-16 00:00:00,en,True,photo,,True,False,True,False,2,0,0,24,0,0,"aigenerated,deepfakeai,grokimage",treatment,1.0,True,5,2,0.08333333333333333
syn_treatment_000164,,syn_user_497239,synuser_77961,586,1110,,1709,False,7527,[synthetic] treatment post #164,2025-12-26 00:00:00,en,True,photo,,True,False,False,False,0,0,0,19,0,0,"deepfakeai,aiart,grokai",treatment,1.0,True,2,0,0.0
syn_treatment_000071,,syn_user_746333,synuser_64128,560,1210,,2856,False,2514,[synthetic] treatment post #71,2025-11-18 00:00:00,en,True,video,,False,False,False,True,4,0,0,37,0,0,aigenerated,treatment,1.0,True,8,4,0.10810810810810811
syn_treatment_000021,,syn_user_104663,synuser_24665,743,117,,1374,False,5410,[synthetic] treatment post #21,2026-03-07 00:00:00,en,True,photo,,False,False,False,False,0,0,0,16,0,0,grokai,treatment,1.0,True,15,0,0.0
syn_treatment_000056,,syn_user_852252,synuser_65021,1095,90,,2043,False,5215,[synthetic] treatment post #56,2026-03-08 00:00:00,en,False,photo,,False,False,True,False,0,0,0,30,0,0,"grokai,syntheticmedia",treatment,1.0,True,9,0,0.0
syn_treatment_000220,,syn_user_204898,synuser_39741,944,964,,1871,False,2672,[synthetic] treatment post #220,2026-03-13 00:00:00,en,False,photo,,False,False,True,False,10,0,0,21,0,0,"grokimage,aiart",treatment,1.0,True,13,10,0.47619047619047616
syn_treatment_000385,,syn_user_553375,synuser_36839,665,1317,,913,False,6373,[synthetic] treatment post #385,2026-03-10 00:00:00,en,True,video,,False,False,False,False,0,0,0,27,0,0,"aigenerated,grokai",treatment,1.0,True,23,0,0.0
syn_treatment_000052,,syn_user_102839,synuser_88794,647,481,,1926,False,1082,[synthetic] treatment post #52,2025-11-04 00:00:00,en,True,video,,False,False,False,False,2,0,0,28,0,0,syntheticmedia,treatment,1.0,True,19,2,0.07142857142857142
